compound,compound_family,primary_target_queried,mouse_potency_nM,mouse_n,human_potency_nM,human_n,species_gap_fold,interpretation
PD-0166285,FAK / adhesion turnover,SRC,9.0,1,9.0,1,1.0,within 3-fold
CHEMBL585927,FAK / adhesion turnover,PTK2B,10.0,3,42.5,2,4.25,human potency much weaker - a mouse assay will overestimate
CHEMBL570380,FAK / adhesion turnover,PTK2B,10.0,3,159.7,2,15.97,human potency much weaker - a mouse assay will overestimate
CHEMBL1084269,FAK / adhesion turnover,PTK2B,190.0,1,637.0,1,3.35,human potency much weaker - a mouse assay will overestimate
CHEMBL49596,FAK / adhesion turnover,SRC,260.0,1,260.0,1,1.0,within 3-fold
LOVASTATIN,RORalpha / lipid pathway,HMGCR,27.0,1,0.7400000000000001,12,0.03,mouse potency much weaker - a mouse assay will underestimate
CHEMBL11804,RORalpha / lipid pathway,HMGCR,43.0,1,1392.0,3,32.37,human potency much weaker - a mouse assay will overestimate
CHEMBL33780,RORalpha / lipid pathway,SOAT1,90.0,1,38.0,7,0.42,within 3-fold
CHEMBL11891,RORalpha / lipid pathway,HMGCR,120.0,1,1720.0,1,14.33,human potency much weaker - a mouse assay will overestimate
CHEMBL276717,RORalpha / lipid pathway,HMGCR,630.0,1,1290.0,1,2.05,within 3-fold
AVASIMIBE,RORalpha / lipid pathway,SOAT1,166.0,3,581.1,2,3.5,human potency much weaker - a mouse assay will overestimate
CL-976,RORalpha / lipid pathway,SOAT1,319.0,2,493.3,8,1.55,within 3-fold
CHEMBL1535331,Rho/Rac/Cdc42 modulator,RAC1,3340.0,2,95000.0,1,28.44,human potency much weaker - a mouse assay will overestimate
CHEMBL2133556,ion / volume regulation,TRPV4,17.0,2,57.0,2,3.35,human potency much weaker - a mouse assay will overestimate
CHEMBL4074929,ion / volume regulation,ANO1,50.0,1,30.0,4,0.6,within 3-fold
CHEMBL4080525,ion / volume regulation,ANO1,30.0,1,68.5,6,2.28,within 3-fold
CHEMBL3613642,ion / volume regulation,TRPV4,83.3,2,435.0,2,5.22,human potency much weaker - a mouse assay will overestimate
CHEMBL4303374,ion / volume regulation,PIEZO1,1083.0,4,3820.0,3,3.53,human potency much weaker - a mouse assay will overestimate
CHEMBL4104747,ion / volume regulation,ANO1,1530.0,1,1547.0,4,1.01,within 3-fold
CHEMBL4781948,ion / volume regulation,ANO1,2740.0,1,1250.0,2,0.46,within 3-fold
CHEMBL4791938,ion / volume regulation,ANO1,1750.0,1,2360.0,1,1.35,within 3-fold
CHEMBL4764417,ion / volume regulation,ANO1,3120.0,1,2290.0,1,0.73,within 3-fold
CHEMBL1505295,ion / volume regulation,ANO1,2500.0,1,2950.0,1,1.18,within 3-fold
CHEMBL4747471,ion / volume regulation,ANO1,2560.0,1,3100.0,1,1.21,within 3-fold
CHEMBL4757077,ion / volume regulation,ANO1,2630.0,1,2830.0,1,1.08,within 3-fold
CHEMBL2324347,ion / volume regulation,TRPV4,5900.0,2,2300.0,1,0.39,within 3-fold
CHEMBL4784760,ion / volume regulation,ANO1,5660.0,1,3090.0,1,0.55,within 3-fold
CHEMBL4796667,ion / volume regulation,ANO1,4070.0,1,4790.0,1,1.18,within 3-fold
CHEMBL1084738,polarity / cilia,SMO,0.002,1,2.8,2,1400.0,human potency much weaker - a mouse assay will overestimate
CHEMBL1209455,polarity / cilia,SMO,0.7,1,1.0,1,1.43,within 3-fold
CHEMBL497266,polarity / cilia,SMO,2.24,3,15.0,1,6.7,human potency much weaker - a mouse assay will overestimate
CHEMBL1209454,polarity / cilia,SMO,3.0,1,5.8,1,1.93,within 3-fold
CHEMBL485870,polarity / cilia,SMO,3.16,3,8.0,1,2.53,within 3-fold
CHEMBL474507,polarity / cilia,SMO,4.0,1,7.0,1,1.75,within 3-fold
CHEMBL471672,polarity / cilia,SMO,6.0,1,10.0,1,1.67,within 3-fold
CHEMBL474503,polarity / cilia,SMO,9.0,1,7.0,1,0.78,within 3-fold
CHEMBL473896,polarity / cilia,SMO,8.0,1,14.0,1,1.75,within 3-fold
CHEMBL474893,polarity / cilia,SMO,10.0,1,30.0,1,3.0,within 3-fold
CHEMBL519219,polarity / cilia,SMO,19.0,3,21.0,1,1.11,within 3-fold
CHEMBL497238,polarity / cilia,SMO,22.6,3,17.0,1,0.75,within 3-fold
CHEMBL520858,polarity / cilia,SMO,19.2,3,70.0,1,3.65,human potency much weaker - a mouse assay will overestimate
CHEMBL497437,polarity / cilia,SMO,19.6,3,34.0,1,1.73,within 3-fold
CHEMBL495608,polarity / cilia,SMO,20.6,3,34.0,1,1.65,within 3-fold
CHEMBL496604,polarity / cilia,SMO,25.6,3,25.0,1,0.98,within 3-fold
CHEMBL474301,polarity / cilia,SMO,29.0,1,32.0,1,1.1,within 3-fold
CHEMBL485869,polarity / cilia,SMO,42.6,3,67.0,1,1.57,within 3-fold
CHEMBL523255,polarity / cilia,SMO,47.2,3,196.0,1,4.15,human potency much weaker - a mouse assay will overestimate
CHEMBL451194,polarity / cilia,SMO,57.0,1,55.0,1,0.96,within 3-fold
CHEMBL497436,polarity / cilia,SMO,68.6,3,59.0,1,0.86,within 3-fold
CHEMBL521900,polarity / cilia,SMO,65.6,3,82.0,1,1.25,within 3-fold
CHEMBL142972,polarity / cilia,SMO,57.0,1,120.0,1,2.11,within 3-fold
CHEMBL497534,polarity / cilia,SMO,69.4,3,112.0,1,1.61,within 3-fold
CHEMBL495875,polarity / cilia,SMO,66.6,3,724.0,1,10.87,human potency much weaker - a mouse assay will overestimate
CHEMBL496603,polarity / cilia,SMO,77.6,3,103.0,1,1.33,within 3-fold
CHEMBL521558,polarity / cilia,SMO,86.0,3,95.0,1,1.1,within 3-fold
CHEMBL495877,polarity / cilia,SMO,60.400000000000006,3,654.0,1,10.83,human potency much weaker - a mouse assay will overestimate
CHEMBL474302,polarity / cilia,SMO,82.0,1,130.0,1,1.59,within 3-fold
CHEMBL495876,polarity / cilia,SMO,92.8,3,306.0,1,3.3,human potency much weaker - a mouse assay will overestimate
CHEMBL471881,polarity / cilia,SMO,93.0,1,120.0,1,1.29,within 3-fold
CHEMBL497639,polarity / cilia,SMO,104.8,3,217.0,1,2.07,within 3-fold
CHEMBL474508,polarity / cilia,SMO,120.0,1,170.0,1,1.42,within 3-fold
CHEMBL497412,polarity / cilia,SMO,153.6,3,230.0,1,1.5,within 3-fold
CHEMBL495620,polarity / cilia,SMO,164.4,3,391.0,1,2.38,within 3-fold
CHEMBL473897,polarity / cilia,SMO,190.0,1,240.0,1,1.26,within 3-fold
CHEMBL497217,polarity / cilia,SMO,185.0,3,2929.0,1,15.83,human potency much weaker - a mouse assay will overestimate
CHEMBL522241,polarity / cilia,SMO,254.0,3,185.0,1,0.73,within 3-fold
CHEMBL454984,polarity / cilia,SMO,350.0,1,210.0,1,0.6,within 3-fold
CHEMBL498457,polarity / cilia,SMO,224.4,3,484.0,1,2.16,within 3-fold
CHEMBL500172,polarity / cilia,SMO,360.0,1,340.0,1,0.94,within 3-fold
CYCLOPAMINE,polarity / cilia,SMO,698.8000000000001,4,280.0,1,0.4,within 3-fold
CHEMBL496014,polarity / cilia,SMO,335.0,3,1243.0,1,3.71,human potency much weaker - a mouse assay will overestimate
CHEMBL498017,polarity / cilia,SMO,382.8,3,401.0,1,1.05,within 3-fold
CHEMBL473892,polarity / cilia,SMO,490.0,1,790.0,1,1.61,within 3-fold
CHEMBL496013,polarity / cilia,SMO,550.2,3,4237.0,1,7.7,human potency much weaker - a mouse assay will overestimate
CHEMBL474892,polarity / cilia,SMO,1190.0,1,770.0,1,0.65,within 3-fold
PURMORPHAMINE,polarity / cilia,SMO,800.0,1,1500.0,1,1.88,within 3-fold
CHEMBL497210,polarity / cilia,SMO,889.0,3,5000.0,1,5.62,human potency much weaker - a mouse assay will overestimate
CHEMBL515245,polarity / cilia,SMO,1420.0,1,1150.0,1,0.81,within 3-fold
CHEMBL497819,polarity / cilia,SMO,1228.0,3,5000.0,1,4.07,human potency much weaker - a mouse assay will overestimate
CHEMBL497003,polarity / cilia,SMO,1290.0,3,5000.0,1,3.88,human potency much weaker - a mouse assay will overestimate
CHEMBL523431,polarity / cilia,SMO,1848.2,3,2261.0,1,1.22,within 3-fold
CHEMBL497820,polarity / cilia,SMO,1739.0,3,5000.0,1,2.88,within 3-fold
CHEMBL423915,polarity / cilia,SMO,2480.0,1,3420.0,1,1.38,within 3-fold
CHEMBL473703,polarity / cilia,SMO,2960.0,1,2700.0,1,0.91,within 3-fold
CHEMBL497209,polarity / cilia,SMO,2438.4,3,5000.0,1,2.05,within 3-fold
CHEMBL495579,polarity / cilia,SMO,4020.8,3,5000.0,1,1.24,within 3-fold
CHEMBL497218,polarity / cilia,SMO,5000.0,3,5000.0,1,1.0,within 3-fold
CHEMBL142450,polarity / cilia,SMO,5090.0,1,7520.0,1,1.48,within 3-fold
