concept,concept_class,meddra_preferred_term,match_source,verification,reports_all_ages,reports_paediatric,usable_paediatrically,note
aromatase inhibition,ALTERNATIVE,BLOOD OESTROGEN ABNORMAL,FAERS REAC vocabulary + concept regex,VERIFIED,24,1,False,
aromatase inhibition,ALTERNATIVE,BLOOD OESTROGEN INCREASED,FAERS REAC vocabulary + concept regex,VERIFIED,53,1,False,
aromatase inhibition,ALTERNATIVE,BLOOD OESTROGEN,FAERS REAC vocabulary + concept regex,VERIFIED,1,0,False,
aromatase inhibition,ALTERNATIVE,BLOOD OESTROGEN DECREASED,FAERS REAC vocabulary + concept regex,VERIFIED,59,0,False,
aromatase inhibition,ALTERNATIVE,HYPEROESTROGENISM,FAERS REAC vocabulary + concept regex,VERIFIED,1,0,False,
aromatase inhibition,ALTERNATIVE,OESTROGEN DEFICIENCY,FAERS REAC vocabulary + concept regex,VERIFIED,12,0,False,
aromatase inhibition,ALTERNATIVE,OESTROGEN RECEPTOR ASSAY POSITIVE,FAERS REAC vocabulary + concept regex,VERIFIED,11,0,False,
aromatase inhibition,ALTERNATIVE,OESTROGEN RECEPTOR GENE OVEREXPRESSION,FAERS REAC vocabulary + concept regex,VERIFIED,1,0,False,
aromatase inhibition,ALTERNATIVE,OESTROGENIC EFFECT,FAERS REAC vocabulary + concept regex,VERIFIED,1,0,False,
catch-up growth after malnutrition,ALTERNATIVE,MALNUTRITION,FAERS REAC vocabulary + concept regex,VERIFIED,1268,80,True,
catch-up growth after malnutrition,ALTERNATIVE,FAILURE TO THRIVE,FAERS REAC vocabulary + concept regex,VERIFIED,280,36,True,
catch-up growth after malnutrition,ALTERNATIVE,UNDERWEIGHT,FAERS REAC vocabulary + concept regex,VERIFIED,212,28,True,
catch-up growth after malnutrition,ALTERNATIVE,CACHEXIA,FAERS REAC vocabulary + concept regex,VERIFIED,328,6,True,
catch-up growth after malnutrition,ALTERNATIVE,FOETAL MALNUTRITION,FAERS REAC vocabulary + concept regex,VERIFIED,10,3,True,
catch-up growth after malnutrition,ALTERNATIVE,ADULT FAILURE TO THRIVE,FAERS REAC vocabulary + concept regex,VERIFIED,41,0,False,
catch-up growth after malnutrition,ALTERNATIVE,MATERNAL PRE-PREGNANCY UNDERWEIGHT,FAERS REAC vocabulary + concept regex,VERIFIED,1,0,False,
disease correction / remission,ALTERNATIVE,THERAPEUTIC RESPONSE SHORTENED,FAERS REAC vocabulary + concept regex,VERIFIED,8105,1021,True,
disease correction / remission,ALTERNATIVE,THERAPEUTIC RESPONSE DECREASED,FAERS REAC vocabulary + concept regex,VERIFIED,5982,556,True,
disease correction / remission,ALTERNATIVE,THERAPEUTIC RESPONSE UNEXPECTED,FAERS REAC vocabulary + concept regex,VERIFIED,2877,96,True,
disease correction / remission,ALTERNATIVE,LOSS OF THERAPEUTIC RESPONSE,FAERS REAC vocabulary + concept regex,VERIFIED,983,18,True,
disease correction / remission,ALTERNATIVE,THERAPEUTIC RESPONSE DELAYED,FAERS REAC vocabulary + concept regex,VERIFIED,191,9,True,
disease correction / remission,ALTERNATIVE,THERAPEUTIC RESPONSE CHANGED,FAERS REAC vocabulary + concept regex,VERIFIED,2423,8,True,
disease correction / remission,ALTERNATIVE,REMISSION NOT ACHIEVED,FAERS REAC vocabulary + concept regex,VERIFIED,79,3,True,
disease correction / remission,ALTERNATIVE,DISEASE IN REMISSION,FAERS REAC vocabulary + concept regex,VERIFIED,10,2,False,
disease correction / remission,ALTERNATIVE,LEUKAEMIA IN REMISSION,FAERS REAC vocabulary + concept regex,VERIFIED,6,1,False,
disease correction / remission,ALTERNATIVE,ACUTE LYMPHOCYTIC LEUKAEMIA (IN REMISSION),FAERS REAC vocabulary + concept regex,VERIFIED,3,0,False,
disease correction / remission,ALTERNATIVE,ACUTE MYELOID LEUKAEMIA (IN REMISSION),FAERS REAC vocabulary + concept regex,VERIFIED,2,0,False,
disease correction / remission,ALTERNATIVE,CANCER IN REMISSION,FAERS REAC vocabulary + concept regex,VERIFIED,38,0,False,
disease correction / remission,ALTERNATIVE,CHRONIC LYMPHOCYTIC LEUKAEMIA (IN REMISSION),FAERS REAC vocabulary + concept regex,VERIFIED,1,0,False,
disease correction / remission,ALTERNATIVE,CHRONIC MYELOID LEUKAEMIA (IN REMISSION),FAERS REAC vocabulary + concept regex,VERIFIED,2,0,False,
disease correction / remission,ALTERNATIVE,MYELOID LEUKAEMIA IN REMISSION,FAERS REAC vocabulary + concept regex,VERIFIED,1,0,False,
disease correction / remission,ALTERNATIVE,PLASMA CELL MYELOMA IN REMISSION,FAERS REAC vocabulary + concept regex,VERIFIED,8,0,False,
disease correction / remission,ALTERNATIVE,THERAPEUTIC RESPONSE INCREASED,FAERS REAC vocabulary + concept regex,VERIFIED,52,0,False,
disease correction / remission,ALTERNATIVE,THERAPEUTIC RESPONSE PROLONGED,FAERS REAC vocabulary + concept regex,VERIFIED,12,0,False,
glucocorticoid withdrawal,ALTERNATIVE,ADRENAL INSUFFICIENCY,FAERS REAC vocabulary + concept regex,VERIFIED,1896,80,True,
glucocorticoid withdrawal,ALTERNATIVE,CUSHINGOID,FAERS REAC vocabulary + concept regex,VERIFIED,386,66,True,
glucocorticoid withdrawal,ALTERNATIVE,TOPICAL STEROID WITHDRAWAL REACTION,FAERS REAC vocabulary + concept regex,VERIFIED,98,15,True,
glucocorticoid withdrawal,ALTERNATIVE,STEROID WITHDRAWAL SYNDROME,FAERS REAC vocabulary + concept regex,VERIFIED,98,5,True,
glucocorticoid withdrawal,ALTERNATIVE,TERTIARY ADRENAL INSUFFICIENCY,FAERS REAC vocabulary + concept regex,VERIFIED,18,3,True,
glucocorticoid withdrawal,ALTERNATIVE,ADRENAL INSUFFICIENCY NEONATAL,FAERS REAC vocabulary + concept regex,VERIFIED,6,0,False,
glucocorticoid withdrawal,ALTERNATIVE,IMMUNE-MEDIATED ADRENAL INSUFFICIENCY,FAERS REAC vocabulary + concept regex,VERIFIED,342,0,False,
glucocorticoid withdrawal,ALTERNATIVE,PRIMARY ADRENAL INSUFFICIENCY,FAERS REAC vocabulary + concept regex,VERIFIED,79,0,False,
growth hormone treatment,ALTERNATIVE,,FAERS REAC vocabulary + concept regex,NO_TERM_FOUND,0,0,False,no term coded in any FAERS report matches this concept; it cannot be searched in this database
measurement/reporting error,ALTERNATIVE,INCORRECT DOSE ADMINISTERED,FAERS REAC vocabulary + concept regex,VERIFIED,35884,1760,True,
measurement/reporting error,ALTERNATIVE,PRODUCT USE ISSUE,FAERS REAC vocabulary + concept regex,VERIFIED,21586,1392,True,
measurement/reporting error,ALTERNATIVE,INCORRECT DOSE ADMINISTERED BY DEVICE,FAERS REAC vocabulary + concept regex,VERIFIED,5365,635,True,
measurement/reporting error,ALTERNATIVE,INTENTIONAL PRODUCT USE ISSUE,FAERS REAC vocabulary + concept regex,VERIFIED,12578,192,True,
measurement/reporting error,ALTERNATIVE,INCORRECT DOSE ADMINISTERED BY PRODUCT,FAERS REAC vocabulary + concept regex,VERIFIED,277,8,True,
oedema,ALTERNATIVE,ANGIOEDEMA,FAERS REAC vocabulary + concept regex,VERIFIED,3734,468,True,
oedema,ALTERNATIVE,HEREDITARY ANGIOEDEMA,FAERS REAC vocabulary + concept regex,VERIFIED,6997,269,True,
oedema,ALTERNATIVE,OEDEMA,FAERS REAC vocabulary + concept regex,VERIFIED,5338,172,True,
oedema,ALTERNATIVE,BRAIN OEDEMA,FAERS REAC vocabulary + concept regex,VERIFIED,1169,136,True,
oedema,ALTERNATIVE,OEDEMA PERIPHERAL,FAERS REAC vocabulary + concept regex,VERIFIED,7464,136,True,
oedema,ALTERNATIVE,PULMONARY OEDEMA,FAERS REAC vocabulary + concept regex,VERIFIED,3437,127,True,
oedema,ALTERNATIVE,FACE OEDEMA,FAERS REAC vocabulary + concept regex,VERIFIED,1093,90,True,
oedema,ALTERNATIVE,EYELID OEDEMA,FAERS REAC vocabulary + concept regex,VERIFIED,479,72,True,
oedema,ALTERNATIVE,PAPILLOEDEMA,FAERS REAC vocabulary + concept regex,VERIFIED,341,49,True,
oedema,ALTERNATIVE,GENERALISED OEDEMA,FAERS REAC vocabulary + concept regex,VERIFIED,1188,48,True,
oedema,ALTERNATIVE,LIP OEDEMA,FAERS REAC vocabulary + concept regex,VERIFIED,266,45,True,
oedema,ALTERNATIVE,PERIORBITAL OEDEMA,FAERS REAC vocabulary + concept regex,VERIFIED,400,27,True,
oedema,ALTERNATIVE,LARYNGEAL OEDEMA,FAERS REAC vocabulary + concept regex,VERIFIED,436,20,True,
oedema,ALTERNATIVE,LOCALISED OEDEMA,FAERS REAC vocabulary + concept regex,VERIFIED,323,15,True,
oedema,ALTERNATIVE,VACCINATION SITE OEDEMA,FAERS REAC vocabulary + concept regex,VERIFIED,17,15,True,
oedema,ALTERNATIVE,INJECTION SITE OEDEMA,FAERS REAC vocabulary + concept regex,VERIFIED,164,14,True,
oedema,ALTERNATIVE,NON-CARDIOGENIC PULMONARY OEDEMA,FAERS REAC vocabulary + concept regex,VERIFIED,214,13,True,
oedema,ALTERNATIVE,INFUSION SITE OEDEMA,FAERS REAC vocabulary + concept regex,VERIFIED,159,12,True,
oedema,ALTERNATIVE,OPTIC DISC OEDEMA,FAERS REAC vocabulary + concept regex,VERIFIED,63,11,True,
oedema,ALTERNATIVE,TONGUE OEDEMA,FAERS REAC vocabulary + concept regex,VERIFIED,216,11,True,
oedema,ALTERNATIVE,EYE OEDEMA,FAERS REAC vocabulary + concept regex,VERIFIED,171,10,True,
oedema,ALTERNATIVE,BONE MARROW OEDEMA,FAERS REAC vocabulary + concept regex,VERIFIED,106,9,True,
oedema,ALTERNATIVE,LYMPHOEDEMA,FAERS REAC vocabulary + concept regex,VERIFIED,747,8,True,
oedema,ALTERNATIVE,MACULAR OEDEMA,FAERS REAC vocabulary + concept regex,VERIFIED,545,8,True,
oedema,ALTERNATIVE,ACUTE PULMONARY OEDEMA,FAERS REAC vocabulary + concept regex,VERIFIED,418,7,True,
oedema,ALTERNATIVE,GASTROINTESTINAL OEDEMA,FAERS REAC vocabulary + concept regex,VERIFIED,136,7,True,
oedema,ALTERNATIVE,PERIPORTAL OEDEMA,FAERS REAC vocabulary + concept regex,VERIFIED,19,7,True,
oedema,ALTERNATIVE,CYSTOID MACULAR OEDEMA,FAERS REAC vocabulary + concept regex,VERIFIED,265,6,True,
oedema,ALTERNATIVE,PHARYNGEAL OEDEMA,FAERS REAC vocabulary + concept regex,VERIFIED,95,6,True,
oedema,ALTERNATIVE,INTRAMYELINIC OEDEMA,FAERS REAC vocabulary + concept regex,VERIFIED,6,5,True,
oedema,ALTERNATIVE,NASAL OEDEMA,FAERS REAC vocabulary + concept regex,VERIFIED,250,5,True,
oedema,ALTERNATIVE,PSEUDOPAPILLOEDEMA,FAERS REAC vocabulary + concept regex,VERIFIED,45,5,True,
oedema,ALTERNATIVE,CORNEAL OEDEMA,FAERS REAC vocabulary + concept regex,VERIFIED,185,4,True,
oedema,ALTERNATIVE,OEDEMATOUS PANCREATITIS,FAERS REAC vocabulary + concept regex,VERIFIED,82,4,True,
oedema,ALTERNATIVE,RETINAL OEDEMA,FAERS REAC vocabulary + concept regex,VERIFIED,209,4,True,
oedema,ALTERNATIVE,SKIN OEDEMA,FAERS REAC vocabulary + concept regex,VERIFIED,75,4,True,
oedema,ALTERNATIVE,ABDOMINAL WALL OEDEMA,FAERS REAC vocabulary + concept regex,VERIFIED,13,3,True,
oedema,ALTERNATIVE,GALLBLADDER OEDEMA,FAERS REAC vocabulary + concept regex,VERIFIED,27,3,True,
oedema,ALTERNATIVE,HEAT OEDEMA,FAERS REAC vocabulary + concept regex,VERIFIED,9,3,True,
oedema,ALTERNATIVE,NEGATIVE PRESSURE PULMONARY OEDEMA,FAERS REAC vocabulary + concept regex,VERIFIED,20,3,True,
oedema,ALTERNATIVE,OEDEMA MOUTH,FAERS REAC vocabulary + concept regex,VERIFIED,36,3,True,
oedema,ALTERNATIVE,RESPIRATORY TRACT OEDEMA,FAERS REAC vocabulary + concept regex,VERIFIED,84,3,True,
oedema,ALTERNATIVE,VULVAL OEDEMA,FAERS REAC vocabulary + concept regex,VERIFIED,14,3,True,
oedema,ALTERNATIVE,ADMINISTRATION SITE OEDEMA,FAERS REAC vocabulary + concept regex,VERIFIED,13,2,False,
oedema,ALTERNATIVE,ALLERGIC OEDEMA,FAERS REAC vocabulary + concept regex,VERIFIED,41,2,False,
oedema,ALTERNATIVE,APPLICATION SITE OEDEMA,FAERS REAC vocabulary + concept regex,VERIFIED,17,2,False,
oedema,ALTERNATIVE,CATHETER SITE OEDEMA,FAERS REAC vocabulary + concept regex,VERIFIED,10,2,False,
oedema,ALTERNATIVE,CIRCUMORAL OEDEMA,FAERS REAC vocabulary + concept regex,VERIFIED,37,2,False,
oedema,ALTERNATIVE,CYTOTOXIC OEDEMA,FAERS REAC vocabulary + concept regex,VERIFIED,19,2,False,
oedema,ALTERNATIVE,IDIOPATHIC ANGIOEDEMA,FAERS REAC vocabulary + concept regex,VERIFIED,13,2,False,
oedema,ALTERNATIVE,MYOCARDIAL OEDEMA,FAERS REAC vocabulary + concept regex,VERIFIED,49,2,False,
oedema,ALTERNATIVE,OEDEMA MUCOSAL,FAERS REAC vocabulary + concept regex,VERIFIED,52,2,False,
oedema,ALTERNATIVE,PALATAL OEDEMA,FAERS REAC vocabulary + concept regex,VERIFIED,57,2,False,
oedema,ALTERNATIVE,PENILE OEDEMA,FAERS REAC vocabulary + concept regex,VERIFIED,15,2,False,
oedema,ALTERNATIVE,PUNCTURE SITE OEDEMA,FAERS REAC vocabulary + concept regex,VERIFIED,6,2,False,
oedema,ALTERNATIVE,SCROTAL OEDEMA,FAERS REAC vocabulary + concept regex,VERIFIED,43,2,False,
oedema,ALTERNATIVE,SPINAL CORD OEDEMA,FAERS REAC vocabulary + concept regex,VERIFIED,27,2,False,
oedema,ALTERNATIVE,ACUTE HAEMORRHAGIC OEDEMA OF INFANCY,FAERS REAC vocabulary + concept regex,VERIFIED,1,1,False,
oedema,ALTERNATIVE,BRONCHIAL OEDEMA,FAERS REAC vocabulary + concept regex,VERIFIED,6,1,False,
oedema,ALTERNATIVE,CONJUNCTIVAL OEDEMA,FAERS REAC vocabulary + concept regex,VERIFIED,99,1,False,
oedema,ALTERNATIVE,GRAVITATIONAL OEDEMA,FAERS REAC vocabulary + concept regex,VERIFIED,22,1,False,
oedema,ALTERNATIVE,MUSCLE OEDEMA,FAERS REAC vocabulary + concept regex,VERIFIED,20,1,False,
oedema,ALTERNATIVE,OEDEMA DUE TO CARDIAC DISEASE,FAERS REAC vocabulary + concept regex,VERIFIED,14,1,False,
oedema,ALTERNATIVE,OEDEMA GENITAL,FAERS REAC vocabulary + concept regex,VERIFIED,31,1,False,
oedema,ALTERNATIVE,OEDEMA NEONATAL,FAERS REAC vocabulary + concept regex,VERIFIED,1,1,False,
oedema,ALTERNATIVE,PULMONARY OEDEMA NEONATAL,FAERS REAC vocabulary + concept regex,VERIFIED,4,1,False,
oedema,ALTERNATIVE,STOMA SITE OEDEMA,FAERS REAC vocabulary + concept regex,VERIFIED,46,1,False,
oedema,ALTERNATIVE,TESTICULAR OEDEMA,FAERS REAC vocabulary + concept regex,VERIFIED,15,1,False,
oedema,ALTERNATIVE,VASOGENIC CEREBRAL OEDEMA,FAERS REAC vocabulary + concept regex,VERIFIED,93,1,False,
oedema,ALTERNATIVE,AMYLOID RELATED IMAGING ABNORMALITY-OEDEMA/EFFUSION,FAERS REAC vocabulary + concept regex,VERIFIED,631,0,False,
oedema,ALTERNATIVE,BECKWITH-WIEDEMANN SYNDROME,FAERS REAC vocabulary + concept regex,VERIFIED,5,0,False,
oedema,ALTERNATIVE,BONE MARROW OEDEMA SYNDROME,FAERS REAC vocabulary + concept regex,VERIFIED,13,0,False,
oedema,ALTERNATIVE,BREAST OEDEMA,FAERS REAC vocabulary + concept regex,VERIFIED,12,0,False,
oedema,ALTERNATIVE,BURN OEDEMA,FAERS REAC vocabulary + concept regex,VERIFIED,1,0,False,
oedema,ALTERNATIVE,DIABETIC RETINAL OEDEMA,FAERS REAC vocabulary + concept regex,VERIFIED,34,0,False,
oedema,ALTERNATIVE,EPIGLOTTIC OEDEMA,FAERS REAC vocabulary + concept regex,VERIFIED,12,0,False,
oedema,ALTERNATIVE,FORESKIN OEDEMA,FAERS REAC vocabulary + concept regex,VERIFIED,12,0,False,
oedema,ALTERNATIVE,GESTATIONAL OEDEMA,FAERS REAC vocabulary + concept regex,VERIFIED,1,0,False,
oedema,ALTERNATIVE,GINGIVAL OEDEMA,FAERS REAC vocabulary + concept regex,VERIFIED,6,0,False,
oedema,ALTERNATIVE,HEREDITARY ANGIOEDEMA WITH C1 ESTERASE INHIBITOR DEFICIENCY,FAERS REAC vocabulary + concept regex,VERIFIED,5,0,False,
oedema,ALTERNATIVE,HEREDITARY ANGIOEDEMA WITH NORMAL C1 ESTERASE INHIBITOR,FAERS REAC vocabulary + concept regex,VERIFIED,1,0,False,
oedema,ALTERNATIVE,HIGH-ALTITUDE PULMONARY OEDEMA,FAERS REAC vocabulary + concept regex,VERIFIED,1,0,False,
oedema,ALTERNATIVE,IDIOPATHIC HISTAMINERGIC ANGIOEDEMA,FAERS REAC vocabulary + concept regex,VERIFIED,1,0,False,
oedema,ALTERNATIVE,IMPLANT SITE OEDEMA,FAERS REAC vocabulary + concept regex,VERIFIED,3,0,False,
oedema,ALTERNATIVE,INCISION SITE OEDEMA,FAERS REAC vocabulary + concept regex,VERIFIED,4,0,False,
oedema,ALTERNATIVE,INTESTINAL ANGIOEDEMA,FAERS REAC vocabulary + concept regex,VERIFIED,71,0,False,
oedema,ALTERNATIVE,LARYNGOTRACHEAL OEDEMA,FAERS REAC vocabulary + concept regex,VERIFIED,2,0,False,
oedema,ALTERNATIVE,LICHEN MYXOEDEMATOSUS,FAERS REAC vocabulary + concept regex,VERIFIED,5,0,False,
oedema,ALTERNATIVE,LIPOEDEMA,FAERS REAC vocabulary + concept regex,VERIFIED,78,0,False,
oedema,ALTERNATIVE,MEDICAL DEVICE SITE OEDEMA,FAERS REAC vocabulary + concept regex,VERIFIED,2,0,False,
oedema,ALTERNATIVE,MICROCYSTIC MACULAR OEDEMA,FAERS REAC vocabulary + concept regex,VERIFIED,3,0,False,
oedema,ALTERNATIVE,MYXOEDEMA,FAERS REAC vocabulary + concept regex,VERIFIED,27,0,False,
oedema,ALTERNATIVE,NERVE OEDEMA,FAERS REAC vocabulary + concept regex,VERIFIED,6,0,False,
oedema,ALTERNATIVE,NEUROGENIC PULMONARY OEDEMA,FAERS REAC vocabulary + concept regex,VERIFIED,6,0,False,
oedema,ALTERNATIVE,NIPPLE OEDEMA,FAERS REAC vocabulary + concept regex,VERIFIED,5,0,False,
oedema,ALTERNATIVE,NON-PITTING OEDEMA,FAERS REAC vocabulary + concept regex,VERIFIED,26,0,False,
oedema,ALTERNATIVE,OEDEMA BLISTER,FAERS REAC vocabulary + concept regex,VERIFIED,11,0,False,
oedema,ALTERNATIVE,OEDEMA DUE TO HEPATIC DISEASE,FAERS REAC vocabulary + concept regex,VERIFIED,7,0,False,
oedema,ALTERNATIVE,OEDEMA DUE TO RENAL DISEASE,FAERS REAC vocabulary + concept regex,VERIFIED,6,0,False,
oedema,ALTERNATIVE,OEDEMATOUS KIDNEY,FAERS REAC vocabulary + concept regex,VERIFIED,22,0,False,
oedema,ALTERNATIVE,OESOPHAGEAL OEDEMA,FAERS REAC vocabulary + concept regex,VERIFIED,18,0,False,
oedema,ALTERNATIVE,OMENTAL OEDEMA,FAERS REAC vocabulary + concept regex,VERIFIED,1,0,False,
oedema,ALTERNATIVE,ORAL LEUKOEDEMA,FAERS REAC vocabulary + concept regex,VERIFIED,1,0,False,
oedema,ALTERNATIVE,ORBITAL OEDEMA,FAERS REAC vocabulary + concept regex,VERIFIED,33,0,False,
oedema,ALTERNATIVE,OROPHARYNGEAL OEDEMA,FAERS REAC vocabulary + concept regex,VERIFIED,15,0,False,
oedema,ALTERNATIVE,PERINEPHRIC OEDEMA,FAERS REAC vocabulary + concept regex,VERIFIED,4,0,False,
oedema,ALTERNATIVE,PERITUMOURAL OEDEMA,FAERS REAC vocabulary + concept regex,VERIFIED,9,0,False,
oedema,ALTERNATIVE,PLACENTAL OEDEMA,FAERS REAC vocabulary + concept regex,VERIFIED,8,0,False,
oedema,ALTERNATIVE,POST PROCEDURAL OEDEMA,FAERS REAC vocabulary + concept regex,VERIFIED,20,0,False,
oedema,ALTERNATIVE,POSTMASTECTOMY LYMPHOEDEMA SYNDROME,FAERS REAC vocabulary + concept regex,VERIFIED,1,0,False,
oedema,ALTERNATIVE,RADIATION LYMPHOEDEMA,FAERS REAC vocabulary + concept regex,VERIFIED,1,0,False,
oedema,ALTERNATIVE,RADIATION OEDEMA,FAERS REAC vocabulary + concept regex,VERIFIED,5,0,False,
oedema,ALTERNATIVE,REEXPANSION PULMONARY OEDEMA,FAERS REAC vocabulary + concept regex,VERIFIED,1,0,False,
oedema,ALTERNATIVE,RETROBULBAR OEDEMA,FAERS REAC vocabulary + concept regex,VERIFIED,5,0,False,
oedema,ALTERNATIVE,RETROPERITONEAL OEDEMA,FAERS REAC vocabulary + concept regex,VERIFIED,3,0,False,
oedema,ALTERNATIVE,SCLERAL OEDEMA,FAERS REAC vocabulary + concept regex,VERIFIED,4,0,False,
oedema,ALTERNATIVE,SCLEROEDEMA,FAERS REAC vocabulary + concept regex,VERIFIED,16,0,False,
oedema,ALTERNATIVE,TRACHEAL OEDEMA,FAERS REAC vocabulary + concept regex,VERIFIED,7,0,False,
oedema,ALTERNATIVE,VAGINAL OEDEMA,FAERS REAC vocabulary + concept regex,VERIFIED,4,0,False,
oedema,ALTERNATIVE,VASCULAR ACCESS SITE OEDEMA,FAERS REAC vocabulary + concept regex,VERIFIED,2,0,False,
oedema,ALTERNATIVE,VISCERAL OEDEMA,FAERS REAC vocabulary + concept regex,VERIFIED,3,0,False,
puberty suppression,ALTERNATIVE,HYPOGONADISM,FAERS REAC vocabulary + concept regex,VERIFIED,58,3,True,
puberty suppression,ALTERNATIVE,PRIMARY HYPOGONADISM,FAERS REAC vocabulary + concept regex,VERIFIED,12,2,False,
puberty suppression,ALTERNATIVE,SECONDARY HYPOGONADISM,FAERS REAC vocabulary + concept regex,VERIFIED,33,2,False,
puberty suppression,ALTERNATIVE,CONGENITAL HYPOGONADOTROPIC HYPOGONADISM,FAERS REAC vocabulary + concept regex,VERIFIED,1,0,False,
puberty suppression,ALTERNATIVE,HYPOGONADISM MALE,FAERS REAC vocabulary + concept regex,VERIFIED,11,0,False,
thyroid correction,ALTERNATIVE,HYPOTHYROIDISM,FAERS REAC vocabulary + concept regex,VERIFIED,3290,73,True,
thyroid correction,ALTERNATIVE,HYPERTHYROIDISM,FAERS REAC vocabulary + concept regex,VERIFIED,1465,33,True,
thyroid correction,ALTERNATIVE,CENTRAL HYPOTHYROIDISM,FAERS REAC vocabulary + concept regex,VERIFIED,87,15,True,
thyroid correction,ALTERNATIVE,CONGENITAL HYPOTHYROIDISM,FAERS REAC vocabulary + concept regex,VERIFIED,27,5,True,
thyroid correction,ALTERNATIVE,DECOMPENSATED HYPOTHYROIDISM,FAERS REAC vocabulary + concept regex,VERIFIED,54,4,True,
thyroid correction,ALTERNATIVE,PRIMARY HYPOTHYROIDISM,FAERS REAC vocabulary + concept regex,VERIFIED,34,4,True,
thyroid correction,ALTERNATIVE,THYROXINE INCREASED,FAERS REAC vocabulary + concept regex,VERIFIED,70,4,True,
thyroid correction,ALTERNATIVE,THYROXINE DECREASED,FAERS REAC vocabulary + concept regex,VERIFIED,60,3,True,
thyroid correction,ALTERNATIVE,THYROXINE FREE INCREASED,FAERS REAC vocabulary + concept regex,VERIFIED,57,3,True,
thyroid correction,ALTERNATIVE,THYROXINE FREE DECREASED,FAERS REAC vocabulary + concept regex,VERIFIED,38,2,False,
thyroid correction,ALTERNATIVE,AUTOIMMUNE HYPOTHYROIDISM,FAERS REAC vocabulary + concept regex,VERIFIED,28,1,False,
thyroid correction,ALTERNATIVE,THYROXINE ABNORMAL,FAERS REAC vocabulary + concept regex,VERIFIED,18,1,False,
thyroid correction,ALTERNATIVE,CONGENITAL HYPERTHYROIDISM,FAERS REAC vocabulary + concept regex,VERIFIED,1,0,False,
thyroid correction,ALTERNATIVE,FREE THYROXINE INDEX ABNORMAL,FAERS REAC vocabulary + concept regex,VERIFIED,2,0,False,
thyroid correction,ALTERNATIVE,FREE THYROXINE INDEX INCREASED,FAERS REAC vocabulary + concept regex,VERIFIED,1,0,False,
thyroid correction,ALTERNATIVE,GESTATIONAL HYPERTHYROIDISM,FAERS REAC vocabulary + concept regex,VERIFIED,3,0,False,
thyroid correction,ALTERNATIVE,HYPOTHYROID MYOPATHY,FAERS REAC vocabulary + concept regex,VERIFIED,5,0,False,
thyroid correction,ALTERNATIVE,HYPOTHYROIDIC GOITRE,FAERS REAC vocabulary + concept regex,VERIFIED,2,0,False,
thyroid correction,ALTERNATIVE,IMMUNE-MEDIATED HYPERTHYROIDISM,FAERS REAC vocabulary + concept regex,VERIFIED,73,0,False,
thyroid correction,ALTERNATIVE,IMMUNE-MEDIATED HYPOTHYROIDISM,FAERS REAC vocabulary + concept regex,VERIFIED,354,0,False,
thyroid correction,ALTERNATIVE,POST PROCEDURAL HYPOTHYROIDISM,FAERS REAC vocabulary + concept regex,VERIFIED,31,0,False,
thyroid correction,ALTERNATIVE,PRIMARY HYPERTHYROIDISM,FAERS REAC vocabulary + concept regex,VERIFIED,3,0,False,
thyroid correction,ALTERNATIVE,SECONDARY HYPERTHYROIDISM,FAERS REAC vocabulary + concept regex,VERIFIED,10,0,False,
thyroid correction,ALTERNATIVE,THYROXINE,FAERS REAC vocabulary + concept regex,VERIFIED,1,0,False,
thyroid correction,ALTERNATIVE,THYROXINE FREE,FAERS REAC vocabulary + concept regex,VERIFIED,1,0,False,
thyroid correction,ALTERNATIVE,THYROXINE FREE ABNORMAL,FAERS REAC vocabulary + concept regex,VERIFIED,5,0,False,
tumour-associated hormone secretion,ALTERNATIVE,GROWTH HORMONE-PRODUCING PITUITARY TUMOUR,FAERS REAC vocabulary + concept regex,VERIFIED,8,8,True,
tumour-associated hormone secretion,ALTERNATIVE,PITUITARY TUMOUR,FAERS REAC vocabulary + concept regex,VERIFIED,112,6,True,
tumour-associated hormone secretion,ALTERNATIVE,PITUITARY TUMOUR BENIGN,FAERS REAC vocabulary + concept regex,VERIFIED,90,2,False,
tumour-associated hormone secretion,ALTERNATIVE,PROLACTIN-PRODUCING PITUITARY TUMOUR,FAERS REAC vocabulary + concept regex,VERIFIED,16,2,False,
tumour-associated hormone secretion,ALTERNATIVE,PARANEOPLASTIC PEMPHIGUS,FAERS REAC vocabulary + concept regex,VERIFIED,10,1,False,
tumour-associated hormone secretion,ALTERNATIVE,ACROKERATOSIS PARANEOPLASTICA,FAERS REAC vocabulary + concept regex,VERIFIED,1,0,False,
tumour-associated hormone secretion,ALTERNATIVE,ACTH-PRODUCING PITUITARY TUMOUR,FAERS REAC vocabulary + concept regex,VERIFIED,2,0,False,
tumour-associated hormone secretion,ALTERNATIVE,ADRENAL ADENOMA,FAERS REAC vocabulary + concept regex,VERIFIED,47,0,False,
tumour-associated hormone secretion,ALTERNATIVE,ADRENAL NEOPLASM,FAERS REAC vocabulary + concept regex,VERIFIED,40,0,False,
tumour-associated hormone secretion,ALTERNATIVE,MALIGNANT PITUITARY TUMOUR,FAERS REAC vocabulary + concept regex,VERIFIED,2,0,False,
tumour-associated hormone secretion,ALTERNATIVE,PARANEOPLASTIC ARTHRITIS,FAERS REAC vocabulary + concept regex,VERIFIED,1,0,False,
tumour-associated hormone secretion,ALTERNATIVE,PARANEOPLASTIC DERMATOMYOSITIS,FAERS REAC vocabulary + concept regex,VERIFIED,13,0,False,
tumour-associated hormone secretion,ALTERNATIVE,PARANEOPLASTIC DERMATOSIS,FAERS REAC vocabulary + concept regex,VERIFIED,1,0,False,
tumour-associated hormone secretion,ALTERNATIVE,PARANEOPLASTIC ENCEPHALOMYELITIS,FAERS REAC vocabulary + concept regex,VERIFIED,18,0,False,
tumour-associated hormone secretion,ALTERNATIVE,PARANEOPLASTIC HYPOGLYCAEMIA,FAERS REAC vocabulary + concept regex,VERIFIED,2,0,False,
tumour-associated hormone secretion,ALTERNATIVE,PARANEOPLASTIC NEUROLOGICAL SYNDROME,FAERS REAC vocabulary + concept regex,VERIFIED,32,0,False,
tumour-associated hormone secretion,ALTERNATIVE,PARANEOPLASTIC RASH,FAERS REAC vocabulary + concept regex,VERIFIED,2,0,False,
tumour-associated hormone secretion,ALTERNATIVE,PARANEOPLASTIC RETINOPATHY,FAERS REAC vocabulary + concept regex,VERIFIED,7,0,False,
tumour-associated hormone secretion,ALTERNATIVE,PARANEOPLASTIC SYNDROME,FAERS REAC vocabulary + concept regex,VERIFIED,49,0,False,
tumour-associated hormone secretion,ALTERNATIVE,PARANEOPLASTIC THROMBOSIS,FAERS REAC vocabulary + concept regex,VERIFIED,1,0,False,
tumour-associated hormone secretion,ALTERNATIVE,PITUITARY TUMOUR RECURRENT,FAERS REAC vocabulary + concept regex,VERIFIED,6,0,False,
tumour-associated hormone secretion,ALTERNATIVE,PITUITARY TUMOUR REMOVAL,FAERS REAC vocabulary + concept regex,VERIFIED,7,0,False,
weight gain,ALTERNATIVE,WEIGHT INCREASED,FAERS REAC vocabulary + concept regex,VERIFIED,21893,1236,True,
weight gain,ALTERNATIVE,OBESITY,FAERS REAC vocabulary + concept regex,VERIFIED,1972,84,True,
weight gain,ALTERNATIVE,WEIGHT GAIN POOR,FAERS REAC vocabulary + concept regex,VERIFIED,287,58,True,
weight gain,ALTERNATIVE,ABNORMAL WEIGHT GAIN,FAERS REAC vocabulary + concept regex,VERIFIED,277,24,True,
weight gain,ALTERNATIVE,CENTRAL OBESITY,FAERS REAC vocabulary + concept regex,VERIFIED,75,2,False,
weight gain,ALTERNATIVE,POOR WEIGHT GAIN NEONATAL,FAERS REAC vocabulary + concept regex,VERIFIED,4,1,False,
weight gain,ALTERNATIVE,EXCESSIVE MATERNAL GESTATIONAL WEIGHT GAIN,FAERS REAC vocabulary + concept regex,VERIFIED,1,0,False,
weight gain,ALTERNATIVE,FEAR OF WEIGHT GAIN,FAERS REAC vocabulary + concept regex,VERIFIED,5,0,False,
weight gain,ALTERNATIVE,SARCOPENIC OBESITY,FAERS REAC vocabulary + concept regex,VERIFIED,1,0,False,
hyperphosphataemia,MECHANISTIC,HYPERPHOSPHATAEMIA,FAERS REAC vocabulary + concept regex,VERIFIED,336,15,True,
hyperphosphataemia,MECHANISTIC,HYPERPHOSPHATASAEMIA,FAERS REAC vocabulary + concept regex,VERIFIED,8,0,False,
hyperphosphataemia,MECHANISTIC,HYPERPHOSPHATURIA,FAERS REAC vocabulary + concept regex,VERIFIED,6,0,False,
increased IGF1,MECHANISTIC,INSULIN-LIKE GROWTH FACTOR INCREASED,FAERS REAC vocabulary + concept regex,VERIFIED,111,25,True,
increased IGF1,MECHANISTIC,INSULIN-LIKE GROWTH FACTOR DECREASED,FAERS REAC vocabulary + concept regex,VERIFIED,31,7,True,
increased IGF1,MECHANISTIC,INSULIN-LIKE GROWTH FACTOR ABNORMAL,FAERS REAC vocabulary + concept regex,VERIFIED,12,1,False,
increased bone density / sclerosis,MECHANISTIC,BONE DENSITY INCREASED,FAERS REAC vocabulary + concept regex,VERIFIED,36,15,True,
increased bone density / sclerosis,MECHANISTIC,OSTEOSCLEROSIS,FAERS REAC vocabulary + concept regex,VERIFIED,101,3,True,
increased bone density / sclerosis,MECHANISTIC,INFANTILE CORTICAL HYPEROSTOSIS,FAERS REAC vocabulary + concept regex,VERIFIED,2,1,False,
increased bone density / sclerosis,MECHANISTIC,DIFFUSE IDIOPATHIC SKELETAL HYPEROSTOSIS,FAERS REAC vocabulary + concept regex,VERIFIED,10,0,False,
increased bone turnover,MECHANISTIC,BLOOD ALKALINE PHOSPHATASE INCREASED,FAERS REAC vocabulary + concept regex,VERIFIED,1550,52,True,
increased bone turnover,MECHANISTIC,BONE FORMATION INCREASED,FAERS REAC vocabulary + concept regex,VERIFIED,6,0,False,
increased growth hormone,MECHANISTIC,BLOOD GROWTH HORMONE INCREASED,FAERS REAC vocabulary + concept regex,VERIFIED,50,12,True,
metaphyseal change,MECHANISTIC,METAPHYSEAL DYSPLASIA,FAERS REAC vocabulary + concept regex,VERIFIED,2,1,False,
metaphyseal change,MECHANISTIC,METAPHYSEAL CORNER FRACTURE,FAERS REAC vocabulary + concept regex,VERIFIED,1,0,False,
SCFE / epiphysiolysis,NEGATIVE_CONTROL,EPIPHYSIOLYSIS,FAERS REAC vocabulary + concept regex,VERIFIED,19,17,True,
advanced bone age,NEGATIVE_CONTROL,,FAERS REAC vocabulary + concept regex,NO_TERM_FOUND,0,0,False,no term coded in any FAERS report matches this concept; it cannot be searched in this database
dysplasia,NEGATIVE_CONTROL,SKELETAL DYSPLASIA,FAERS REAC vocabulary + concept regex,VERIFIED,19,10,True,
dysplasia,NEGATIVE_CONTROL,MULTIPLE EPIPHYSEAL DYSPLASIA,FAERS REAC vocabulary + concept regex,VERIFIED,9,7,True,
dysplasia,NEGATIVE_CONTROL,OSTEOCHONDRODYSPLASIA,FAERS REAC vocabulary + concept regex,VERIFIED,10,6,True,
dysplasia,NEGATIVE_CONTROL,CHONDRODYSPLASIA PUNCTATA,FAERS REAC vocabulary + concept regex,VERIFIED,7,5,True,
dysplasia,NEGATIVE_CONTROL,DYSPLASIA,FAERS REAC vocabulary + concept regex,VERIFIED,95,4,True,
dysplasia,NEGATIVE_CONTROL,OTOSPONDYLOMEGAEPIPHYSEAL DYSPLASIA,FAERS REAC vocabulary + concept regex,VERIFIED,10,1,False,
fracture,NEGATIVE_CONTROL,UPPER LIMB FRACTURE,FAERS REAC vocabulary + concept regex,VERIFIED,1357,85,True,
fracture,NEGATIVE_CONTROL,FEMUR FRACTURE,FAERS REAC vocabulary + concept regex,VERIFIED,1810,70,True,
fracture,NEGATIVE_CONTROL,FOOT FRACTURE,FAERS REAC vocabulary + concept regex,VERIFIED,1604,57,True,
fracture,NEGATIVE_CONTROL,LOWER LIMB FRACTURE,FAERS REAC vocabulary + concept regex,VERIFIED,2404,43,True,
fracture,NEGATIVE_CONTROL,HAND FRACTURE,FAERS REAC vocabulary + concept regex,VERIFIED,677,39,True,
fracture,NEGATIVE_CONTROL,TIBIA FRACTURE,FAERS REAC vocabulary + concept regex,VERIFIED,396,37,True,
fracture,NEGATIVE_CONTROL,ANKLE FRACTURE,FAERS REAC vocabulary + concept regex,VERIFIED,1291,31,True,
fracture,NEGATIVE_CONTROL,WRIST FRACTURE,FAERS REAC vocabulary + concept regex,VERIFIED,1038,30,True,
fracture,NEGATIVE_CONTROL,ATYPICAL FEMUR FRACTURE,FAERS REAC vocabulary + concept regex,VERIFIED,187,25,True,
fracture,NEGATIVE_CONTROL,SPINAL FRACTURE,FAERS REAC vocabulary + concept regex,VERIFIED,2101,22,True,
fracture,NEGATIVE_CONTROL,COMPRESSION FRACTURE,FAERS REAC vocabulary + concept regex,VERIFIED,1002,14,True,
fracture,NEGATIVE_CONTROL,HUMERUS FRACTURE,FAERS REAC vocabulary + concept regex,VERIFIED,340,14,True,
fracture,NEGATIVE_CONTROL,CLAVICLE FRACTURE,FAERS REAC vocabulary + concept regex,VERIFIED,302,13,True,
fracture,NEGATIVE_CONTROL,TOOTH FRACTURE,FAERS REAC vocabulary + concept regex,VERIFIED,903,13,True,
fracture,NEGATIVE_CONTROL,FRACTURE,FAERS REAC vocabulary + concept regex,VERIFIED,1508,12,True,
fracture,NEGATIVE_CONTROL,HIP FRACTURE,FAERS REAC vocabulary + concept regex,VERIFIED,2909,12,True,
fracture,NEGATIVE_CONTROL,RIB FRACTURE,FAERS REAC vocabulary + concept regex,VERIFIED,1842,11,True,
fracture,NEGATIVE_CONTROL,CRANIOFACIAL FRACTURE,FAERS REAC vocabulary + concept regex,VERIFIED,407,9,True,
fracture,NEGATIVE_CONTROL,FRACTURE NONUNION,FAERS REAC vocabulary + concept regex,VERIFIED,32,9,True,
fracture,NEGATIVE_CONTROL,PATHOLOGICAL FRACTURE,FAERS REAC vocabulary + concept regex,VERIFIED,366,8,True,
fracture,NEGATIVE_CONTROL,SKULL FRACTURE,FAERS REAC vocabulary + concept regex,VERIFIED,155,8,True,
fracture,NEGATIVE_CONTROL,EPIPHYSEAL FRACTURE,FAERS REAC vocabulary + concept regex,VERIFIED,10,7,True,
fracture,NEGATIVE_CONTROL,RADIUS FRACTURE,FAERS REAC vocabulary + concept regex,VERIFIED,119,7,True,
fracture,NEGATIVE_CONTROL,ATYPICAL FRACTURE,FAERS REAC vocabulary + concept regex,VERIFIED,87,6,True,
fracture,NEGATIVE_CONTROL,FIBULA FRACTURE,FAERS REAC vocabulary + concept regex,VERIFIED,234,6,True,
fracture,NEGATIVE_CONTROL,MULTIPLE FRACTURES,FAERS REAC vocabulary + concept regex,VERIFIED,836,5,True,
fracture,NEGATIVE_CONTROL,STRESS FRACTURE,FAERS REAC vocabulary + concept regex,VERIFIED,286,5,True,
fracture,NEGATIVE_CONTROL,AVULSION FRACTURE,FAERS REAC vocabulary + concept regex,VERIFIED,22,4,True,
fracture,NEGATIVE_CONTROL,OSTEOPOROTIC FRACTURE,FAERS REAC vocabulary + concept regex,VERIFIED,230,4,True,
fracture,NEGATIVE_CONTROL,PATELLA FRACTURE,FAERS REAC vocabulary + concept regex,VERIFIED,211,4,True,
fracture,NEGATIVE_CONTROL,TORUS FRACTURE,FAERS REAC vocabulary + concept regex,VERIFIED,5,4,True,
fracture,NEGATIVE_CONTROL,FRACTURED SACRUM,FAERS REAC vocabulary + concept regex,VERIFIED,105,3,True,
fracture,NEGATIVE_CONTROL,PELVIC FRACTURE,FAERS REAC vocabulary + concept regex,VERIFIED,765,3,True,
fracture,NEGATIVE_CONTROL,ULNA FRACTURE,FAERS REAC vocabulary + concept regex,VERIFIED,62,3,True,
fracture,NEGATIVE_CONTROL,FEMORAL NECK FRACTURE,FAERS REAC vocabulary + concept regex,VERIFIED,474,2,False,
fracture,NEGATIVE_CONTROL,FOREARM FRACTURE,FAERS REAC vocabulary + concept regex,VERIFIED,82,2,False,
fracture,NEGATIVE_CONTROL,FRACTURED COCCYX,FAERS REAC vocabulary + concept regex,VERIFIED,120,2,False,
fracture,NEGATIVE_CONTROL,JAW FRACTURE,FAERS REAC vocabulary + concept regex,VERIFIED,121,2,False,
fracture,NEGATIVE_CONTROL,SKULL FRACTURED BASE,FAERS REAC vocabulary + concept regex,VERIFIED,16,2,False,
fracture,NEGATIVE_CONTROL,SPINAL COMPRESSION FRACTURE,FAERS REAC vocabulary + concept regex,VERIFIED,136,2,False,
fracture,NEGATIVE_CONTROL,ACETABULUM FRACTURE,FAERS REAC vocabulary + concept regex,VERIFIED,45,1,False,
fracture,NEGATIVE_CONTROL,CERVICAL VERTEBRAL FRACTURE,FAERS REAC vocabulary + concept regex,VERIFIED,336,1,False,
fracture,NEGATIVE_CONTROL,COMPLICATED FRACTURE,FAERS REAC vocabulary + concept regex,VERIFIED,6,1,False,
fracture,NEGATIVE_CONTROL,FRACTURE DISPLACEMENT,FAERS REAC vocabulary + concept regex,VERIFIED,14,1,False,
fracture,NEGATIVE_CONTROL,ILIUM FRACTURE,FAERS REAC vocabulary + concept regex,VERIFIED,11,1,False,
fracture,NEGATIVE_CONTROL,INTERNAL FIXATION OF FRACTURE,FAERS REAC vocabulary + concept regex,VERIFIED,24,1,False,
fracture,NEGATIVE_CONTROL,LIMB FRACTURE,FAERS REAC vocabulary + concept regex,VERIFIED,21,1,False,
fracture,NEGATIVE_CONTROL,OPEN FRACTURE,FAERS REAC vocabulary + concept regex,VERIFIED,40,1,False,
fracture,NEGATIVE_CONTROL,SHOULDER FRACTURE,FAERS REAC vocabulary + concept regex,VERIFIED,646,1,False,
fracture,NEGATIVE_CONTROL,COMMINUTED FRACTURE,FAERS REAC vocabulary + concept regex,VERIFIED,13,0,False,
fracture,NEGATIVE_CONTROL,COSTAL CARTILAGE FRACTURE,FAERS REAC vocabulary + concept regex,VERIFIED,8,0,False,
fracture,NEGATIVE_CONTROL,DEPRESSED FRACTURE,FAERS REAC vocabulary + concept regex,VERIFIED,1,0,False,
fracture,NEGATIVE_CONTROL,EAR OSSICLE FRACTURE,FAERS REAC vocabulary + concept regex,VERIFIED,2,0,False,
fracture,NEGATIVE_CONTROL,EXTERNAL FIXATION OF FRACTURE,FAERS REAC vocabulary + concept regex,VERIFIED,1,0,False,
fracture,NEGATIVE_CONTROL,FRACTURE BLISTERS,FAERS REAC vocabulary + concept regex,VERIFIED,1,0,False,
fracture,NEGATIVE_CONTROL,FRACTURE DEBRIDEMENT,FAERS REAC vocabulary + concept regex,VERIFIED,1,0,False,
fracture,NEGATIVE_CONTROL,FRACTURE DELAYED UNION,FAERS REAC vocabulary + concept regex,VERIFIED,25,0,False,
fracture,NEGATIVE_CONTROL,FRACTURE INFECTION,FAERS REAC vocabulary + concept regex,VERIFIED,18,0,False,
fracture,NEGATIVE_CONTROL,FRACTURE MALUNION,FAERS REAC vocabulary + concept regex,VERIFIED,9,0,False,
fracture,NEGATIVE_CONTROL,FRACTURE OF PENIS,FAERS REAC vocabulary + concept regex,VERIFIED,54,0,False,
fracture,NEGATIVE_CONTROL,FRACTURE PAIN,FAERS REAC vocabulary + concept regex,VERIFIED,73,0,False,
fracture,NEGATIVE_CONTROL,FRACTURE TREATMENT,FAERS REAC vocabulary + concept regex,VERIFIED,6,0,False,
fracture,NEGATIVE_CONTROL,FRACTURED SKULL DEPRESSED,FAERS REAC vocabulary + concept regex,VERIFIED,1,0,False,
fracture,NEGATIVE_CONTROL,GREENSTICK FRACTURE,FAERS REAC vocabulary + concept regex,VERIFIED,2,0,False,
fracture,NEGATIVE_CONTROL,IMPACTED FRACTURE,FAERS REAC vocabulary + concept regex,VERIFIED,1,0,False,
fracture,NEGATIVE_CONTROL,LISFRANC FRACTURE,FAERS REAC vocabulary + concept regex,VERIFIED,6,0,False,
fracture,NEGATIVE_CONTROL,LOSS OF ANATOMICAL ALIGNMENT AFTER FRACTURE REDUCTION,FAERS REAC vocabulary + concept regex,VERIFIED,2,0,False,
fracture,NEGATIVE_CONTROL,LUMBAR VERTEBRAL FRACTURE,FAERS REAC vocabulary + concept regex,VERIFIED,465,0,False,
fracture,NEGATIVE_CONTROL,METAPHYSEAL CORNER FRACTURE,FAERS REAC vocabulary + concept regex,VERIFIED,1,0,False,
fracture,NEGATIVE_CONTROL,OPEN REDUCTION OF FRACTURE,FAERS REAC vocabulary + concept regex,VERIFIED,1,0,False,
fracture,NEGATIVE_CONTROL,OSTEOCHONDRAL FRACTURE,FAERS REAC vocabulary + concept regex,VERIFIED,1,0,False,
fracture,NEGATIVE_CONTROL,OSTEOPHYTE FRACTURE,FAERS REAC vocabulary + concept regex,VERIFIED,2,0,False,
fracture,NEGATIVE_CONTROL,PATHOLOGICAL TOOTH FRACTURE,FAERS REAC vocabulary + concept regex,VERIFIED,2,0,False,
fracture,NEGATIVE_CONTROL,PERIPROSTHETIC FRACTURE,FAERS REAC vocabulary + concept regex,VERIFIED,45,0,False,
fracture,NEGATIVE_CONTROL,PSEUDOFRACTURE,FAERS REAC vocabulary + concept regex,VERIFIED,5,0,False,
fracture,NEGATIVE_CONTROL,SACROILIAC FRACTURE,FAERS REAC vocabulary + concept regex,VERIFIED,7,0,False,
fracture,NEGATIVE_CONTROL,SCAPULA FRACTURE,FAERS REAC vocabulary + concept regex,VERIFIED,30,0,False,
fracture,NEGATIVE_CONTROL,SPINAL FUSION FRACTURE,FAERS REAC vocabulary + concept regex,VERIFIED,3,0,False,
fracture,NEGATIVE_CONTROL,STERNAL FRACTURE,FAERS REAC vocabulary + concept regex,VERIFIED,127,0,False,
fracture,NEGATIVE_CONTROL,THORACIC VERTEBRAL FRACTURE,FAERS REAC vocabulary + concept regex,VERIFIED,311,0,False,
fracture,NEGATIVE_CONTROL,TRAUMATIC FRACTURE,FAERS REAC vocabulary + concept regex,VERIFIED,57,0,False,
growth retardation,NEGATIVE_CONTROL,GROWTH RETARDATION,FAERS REAC vocabulary + concept regex,VERIFIED,233,121,True,
limb deformity,NEGATIVE_CONTROL,SCOLIOSIS,FAERS REAC vocabulary + concept regex,VERIFIED,439,86,True,
limb deformity,NEGATIVE_CONTROL,LIMB DEFORMITY,FAERS REAC vocabulary + concept regex,VERIFIED,94,12,True,
limb deformity,NEGATIVE_CONTROL,SCOLIOSIS SURGERY,FAERS REAC vocabulary + concept regex,VERIFIED,8,5,True,
limb deformity,NEGATIVE_CONTROL,BONE DEFORMITY,FAERS REAC vocabulary + concept regex,VERIFIED,37,3,True,
limb deformity,NEGATIVE_CONTROL,CONGENITAL SCOLIOSIS,FAERS REAC vocabulary + concept regex,VERIFIED,1,1,False,
limb deformity,NEGATIVE_CONTROL,KYPHOSCOLIOSIS,FAERS REAC vocabulary + concept regex,VERIFIED,15,1,False,
limb deformity,NEGATIVE_CONTROL,NEUROMUSCULAR SCOLIOSIS,FAERS REAC vocabulary + concept regex,VERIFIED,2,1,False,
limb deformity,NEGATIVE_CONTROL,MUSCULOSKELETAL DEFORMITY,FAERS REAC vocabulary + concept regex,VERIFIED,7,0,False,
physeal injury,NEGATIVE_CONTROL,EPIPHYSEAL DISORDER,FAERS REAC vocabulary + concept regex,VERIFIED,4,2,False,
physeal injury,NEGATIVE_CONTROL,EPIPHYSEAL INJURY,FAERS REAC vocabulary + concept regex,VERIFIED,2,1,False,
premature epiphyseal closure,NEGATIVE_CONTROL,EPIPHYSES PREMATURE FUSION,FAERS REAC vocabulary + concept regex,VERIFIED,17,8,True,
premature epiphyseal closure,NEGATIVE_CONTROL,DUCTUS ARTERIOSUS PREMATURE CLOSURE,FAERS REAC vocabulary + concept regex,VERIFIED,42,2,False,
short stature,NEGATIVE_CONTROL,SHORT STATURE,FAERS REAC vocabulary + concept regex,VERIFIED,67,41,True,
short stature,NEGATIVE_CONTROL,BODY HEIGHT DECREASED,FAERS REAC vocabulary + concept regex,VERIFIED,499,25,True,
short stature,NEGATIVE_CONTROL,DWARFISM,FAERS REAC vocabulary + concept regex,VERIFIED,2,1,False,
bone length increased,POSITIVE,,FAERS REAC vocabulary + concept regex,NO_TERM_FOUND,0,0,False,no term coded in any FAERS report matches this concept; it cannot be searched in this database
delayed epiphyseal closure,POSITIVE,EPIPHYSES DELAYED FUSION,FAERS REAC vocabulary + concept regex,VERIFIED,5,3,True,
delayed skeletal maturation,POSITIVE,,FAERS REAC vocabulary + concept regex,NO_TERM_FOUND,0,0,False,no term coded in any FAERS report matches this concept; it cannot be searched in this database
disproportionate overgrowth,POSITIVE,,FAERS REAC vocabulary + concept regex,NO_TERM_FOUND,0,0,False,no term coded in any FAERS report matches this concept; it cannot be searched in this database
epiphyseal widening,POSITIVE,,FAERS REAC vocabulary + concept regex,NO_TERM_FOUND,0,0,False,no term coded in any FAERS report matches this concept; it cannot be searched in this database
gigantism,POSITIVE,ACROMEGALY,FAERS REAC vocabulary + concept regex,VERIFIED,19,5,True,
gigantism,POSITIVE,FAMILIAL ACROMEGALY,FAERS REAC vocabulary + concept regex,VERIFIED,1,0,False,
gigantism,POSITIVE,GIGANTISM,FAERS REAC vocabulary + concept regex,VERIFIED,1,0,False,
growth accelerated,POSITIVE,GROWTH ACCELERATED,FAERS REAC vocabulary + concept regex,VERIFIED,10,3,True,
growth plate widening,POSITIVE,,FAERS REAC vocabulary + concept regex,NO_TERM_FOUND,0,0,False,no term coded in any FAERS report matches this concept; it cannot be searched in this database
height increased,POSITIVE,BODY HEIGHT INCREASED,FAERS REAC vocabulary + concept regex,VERIFIED,201,114,True,
increased growth velocity,POSITIVE,,FAERS REAC vocabulary + concept regex,NO_TERM_FOUND,0,0,False,no term coded in any FAERS report matches this concept; it cannot be searched in this database
increased shoe/hand/limb size,POSITIVE,,FAERS REAC vocabulary + concept regex,NO_TERM_FOUND,0,0,False,no term coded in any FAERS report matches this concept; it cannot be searched in this database
limb overgrowth,POSITIVE,,FAERS REAC vocabulary + concept regex,NO_TERM_FOUND,0,0,False,no term coded in any FAERS report matches this concept; it cannot be searched in this database
linear growth increased,POSITIVE,,FAERS REAC vocabulary + concept regex,NO_TERM_FOUND,0,0,False,no term coded in any FAERS report matches this concept; it cannot be searched in this database
macrosomia with postnatal growth,POSITIVE,FOETAL MACROSOMIA,FAERS REAC vocabulary + concept regex,VERIFIED,44,13,True,
macrosomia with postnatal growth,POSITIVE,LARGE FOR DATES BABY,FAERS REAC vocabulary + concept regex,VERIFIED,42,6,True,
macrosomia with postnatal growth,POSITIVE,MACROSOMIA,FAERS REAC vocabulary + concept regex,VERIFIED,6,0,False,
physeal widening,POSITIVE,,FAERS REAC vocabulary + concept regex,NO_TERM_FOUND,0,0,False,no term coded in any FAERS report matches this concept; it cannot be searched in this database
prolonged adolescent growth,POSITIVE,DELAYED PUBERTY,FAERS REAC vocabulary + concept regex,VERIFIED,14,7,True,
skeletal overgrowth,POSITIVE,OVERGROWTH BACTERIAL,FAERS REAC vocabulary + concept regex,VERIFIED,42,8,True,
skeletal overgrowth,POSITIVE,OVERGROWTH FUNGAL,FAERS REAC vocabulary + concept regex,VERIFIED,15,2,False,
skeletal overgrowth,POSITIVE,OVERGROWTH SYNDROME,FAERS REAC vocabulary + concept regex,VERIFIED,1,0,False,
tall stature,POSITIVE,,FAERS REAC vocabulary + concept regex,NO_TERM_FOUND,0,0,False,no term coded in any FAERS report matches this concept; it cannot be searched in this database
