mouse_gene,human_gene,crispr_tier,crispr_effect_class,in_crispr_causal,best_evidence_level,n_spatial_records,n_independent_papers,n_usable_records,spatial_class,spatial_top_zone,zone_selective,specificity_basis,breadth_n_zones,zones_supported,species,species_concordant,developmental_stage_dependent,non_chondrocyte_signal,contamination_risk,figure_citations,mouse_bulk_top_zone,mouse_bulk_specificity,human_bulk_top_zone,human_bulk_specificity,sc_top_state,sc_n_datasets,sc_agreement,conflict_category,conflict_detail
Sox9,SOX9,A_secondary_validated,KO_blocks_maturation,True,LEVEL_A,16,12,12,MULTIZONAL,perichondrial,False,top-zone weight 13.0 vs next 6.0; best level LEVEL_A; possible non-chondrocyte confound,5,hypertrophic; perichondrial; prehypertrophic; proliferative; resting,human; mouse; rat; zebrafish,False,True,,False,PMC10267520 Figure 2 [LEVEL_A]; PMC12685720 Figure 2 [LEVEL_A]; PMC10895259 Fig. 6. [LEVEL_A]; PMC10267520 Figure 6 [LEVEL_B]; PMC10256685 Fig. 3 [LEVEL_B]; PMC12460174 Extended Data Fig. 1 [LEVEL_C]; PMC11290974 Figure 7 [LEVEL_C]; PMC12866916 Figure 3 [LEVEL_C]; PMC12848162 Fig. 5 [LEVEL_C]; PMC12103725 Figure 2 [LEVEL_C]; PMC12892883 Figure 2 [LEVEL_C]; PMC12892883 Figure 4 [LEVEL_C],resting,1.5920129785151964,proliferative,0.3839821981321716,resting,7.0,0.71,both computational modalities wrong,"intact tissue says perichondrial; bulk said proliferative / resting, single-cell said resting"
Runx2,RUNX2,A_secondary_validated,KO_blocks_maturation,True,LEVEL_A,8,7,8,MULTIZONAL,hypertrophic,False,top-zone weight 8.0 vs next 7.0; best level LEVEL_A; possible non-chondrocyte confound,5,hypertrophic; perichondrial; prehypertrophic; proliferative; terminal_hypertrophic,human; mouse; rat; zebrafish,False,True,marrow; osteoblast,True,PMC13232623 Figure 7 [LEVEL_A]; PMC12122814 Fig. 8 [LEVEL_A]; PMC12585761 FIGURE 2 [LEVEL_B]; PMC12460606 Fig. 2 [LEVEL_B]; PMC12460606 Fig. 8 [LEVEL_B]; PMC10256685 Fig. 3 [LEVEL_B]; PMC13152850 FIGURE 7 [LEVEL_C]; PMC12460174 Extended Data Fig. 1 [LEVEL_C],hypertrophic,0.4022683394814326,proliferative,0.0004118361871245,resting,7.0,0.71,spatial agrees with bulk only,single-cell said resting
Ptch1,PTCH1,A_secondary_validated,KO_promotes_maturation,True,LEVEL_A,8,6,4,DEVELOPMENTALLY_VARIABLE,resting,False,top-zone weight 5.0 vs next 4.0; best level LEVEL_A; no non-chondrocyte confound,3,perichondrial; proliferative; resting,human; mouse; rat,False,True,,False,PMC10906233 Figure 2 [LEVEL_A]; PMC12097805 Figure 6 [LEVEL_C]; PMC5065210 Fig 3 [LEVEL_C]; PMC9096555 FIGURE 2 [LEVEL_C],hypertrophic,0.5903031034047803,proliferative,1.289059857772207,resting,7.0,0.71,spatial agrees with single-cell only,bulk said hypertrophic / proliferative
Junb,JUNB,B_primary_reproducible,KO_promotes_maturation,True,LEVEL_B,1,1,1,UNRESOLVED,,False,no zone named in any usable record,0,,chick; human; mouse; rat,True,,,False,PMC8293626 Figure 7 [LEVEL_B],resting,0.2047766701067832,resting,0.4074639611981538,resting,7.0,0.71,no spatial resolution,no intact-tissue call to compare against
Foxc1,FOXC1,A_secondary_validated,KO_blocks_maturation,True,LEVEL_C,5,3,5,MULTIZONAL,hypertrophic,False,top-zone weight 4.0 vs next 3.0; best level LEVEL_C; possible non-chondrocyte confound,6,hypertrophic; perichondrial; prehypertrophic; proliferative; resting; terminal_hypertrophic,human; mouse,False,,osteoblast,True,PMC8383119 Figure 4 [LEVEL_C]; PMC8383119 Figure 5 [LEVEL_C]; PMC11361642 Fig. 4. [LEVEL_C]; PMC11361642 Fig. 7. [LEVEL_C]; PMC3868537 Figure 3 [LEVEL_C],resting,0.3703927662304345,perichondrium,0.1311583574986006,resting,7.0,0.71,both computational modalities wrong,"intact tissue says hypertrophic; bulk said perichondrium / resting, single-cell said resting"
Tsc2,TSC2,A_secondary_validated,KO_blocks_maturation,True,LEVEL_C,1,1,1,UNRESOLVED,hypertrophic,False,top-zone weight 1.0 vs next 0.0; best level LEVEL_C; no non-chondrocyte confound,1,hypertrophic,mouse,,,,False,PMC4472128 Figure 5 [LEVEL_C],hypertrophic,0.0313349890781111,prehypertrophic,0.1238433853782368,resting,6.0,0.83,spatial agrees with bulk only,single-cell said resting
Acvr1,ACVR1,A_secondary_validated,KO_promotes_maturation,True,LEVEL_C,1,1,1,UNRESOLVED,terminal_hypertrophic,False,top-zone weight 1.0 vs next 0.0; best level LEVEL_C; no non-chondrocyte confound,1,terminal_hypertrophic,mouse,,,,False,PMC5797136 Fig. 3 [LEVEL_C],resting,0.0294557749348864,proliferative,0.9663348678725648,resting,6.0,0.83,both computational modalities wrong,"intact tissue says hypertrophic; bulk said proliferative / resting, single-cell said resting"
Hdac5,HDAC5,A_secondary_validated,KO_promotes_maturation,True,LEVEL_C,1,1,1,UNRESOLVED,hypertrophic,False,top-zone weight 1.0 vs next 0.0; best level LEVEL_C; possible non-chondrocyte confound,1,hypertrophic,mouse,,,marrow,True,PMC12743641 Figure 9. [LEVEL_C],resting,0.4632006622677824,perichondrium,0.179463407179659,resting,6.0,0.83,both computational modalities wrong,"intact tissue says hypertrophic; bulk said perichondrium / resting, single-cell said resting"
Ezh2,EZH2,A_secondary_validated,KO_promotes_maturation,True,LEVEL_D,3,3,0,UNRESOLVED,,False,no LEVEL_A/B/C record,0,,,,,,,PMC12822469 Figure 3; PMC5670205 Fig. 5; PMC5477487 Figure 3,proliferative,0.0329347688522965,proliferative,1.763138871311165,resting,7.0,0.43,no spatial resolution,no intact-tissue call to compare against
Cd200,CD200,A_secondary_validated,KO_blocks_maturation,True,LEVEL_D,1,1,0,UNRESOLVED,,False,no LEVEL_A/B/C record,0,,,,,,,PMC9938638 Figure 1.,hypertrophic,0.6010343879971067,hypertrophic,0.0042446405802518,resting,7.0,0.43,no spatial resolution,no intact-tissue call to compare against
Brd4,,A_secondary_validated,KO_blocks_maturation,True,LEVEL_D,1,1,0,UNRESOLVED,,False,no LEVEL_A/B/C record,0,,,,,,,PMC12536888 FIGURE 1,resting,0.3505197453252133,,,resting,6.0,0.83,no spatial resolution,no intact-tissue call to compare against
Itgb1,ITGB1,B_primary_reproducible,KO_promotes_maturation,True,LEVEL_D,1,1,0,UNRESOLVED,,False,no LEVEL_A/B/C record,0,,,,,,,PMC10721276 Figure 4,hypertrophic,0.3067111028512936,hypertrophic,0.035006903832901,resting,7.0,0.71,no spatial resolution,no intact-tissue call to compare against
Agrp,AGRP,B_primary_reproducible,KO_promotes_maturation,True,LEVEL_D,1,1,0,UNRESOLVED,,False,no LEVEL_A/B/C record,0,,,,,,,PMC5404105 Figure 2,resting,0.7507449062815512,resting,1.2510049598394453,resting,6.0,0.83,no spatial resolution,no intact-tissue call to compare against
Eif4e2,EIF4E2,A_secondary_validated,KO_blocks_maturation,True,NO_SPATIAL_EVIDENCE,0,0,0,NO_SPATIAL_EVIDENCE,,False,no LEVEL_A/B/C record,0,,,,,,,,proliferative,0.0811709240584281,proliferative,0.3247928673780507,resting,7.0,0.71,no spatial resolution,no intact-tissue call to compare against
Gsk3b,GSK3B,A_secondary_validated,KO_blocks_maturation,True,NO_SPATIAL_EVIDENCE,0,0,0,NO_SPATIAL_EVIDENCE,,False,no LEVEL_A/B/C record,0,,,,,,,,proliferative,0.0930226213276768,proliferative,0.26087702440703,resting,7.0,0.57,no spatial resolution,no intact-tissue call to compare against
Nedd4,NEDD4,A_secondary_validated,KO_blocks_maturation,True,NO_SPATIAL_EVIDENCE,0,0,0,NO_SPATIAL_EVIDENCE,,False,no LEVEL_A/B/C record,0,,,,,,,,proliferative,0.1247081716810125,proliferative,0.3007798430212354,resting,7.0,0.71,no spatial resolution,no intact-tissue call to compare against
Bmpr2,BMPR2,A_secondary_validated,KO_promotes_maturation,True,NO_SPATIAL_EVIDENCE,0,0,0,NO_SPATIAL_EVIDENCE,,False,no LEVEL_A/B/C record,0,,,,,,,,hypertrophic,0.0786307676698676,proliferative,0.2219535648946937,resting,7.0,0.71,no spatial resolution,no intact-tissue call to compare against
Prkar1a,PRKAR1A,A_secondary_validated,KO_blocks_maturation,True,NO_SPATIAL_EVIDENCE,0,0,0,NO_SPATIAL_EVIDENCE,,False,no LEVEL_A/B/C record,0,,,,,,,,hypertrophic,0.0206523724997005,proliferative,0.31141307948619,resting,7.0,0.71,no spatial resolution,no intact-tissue call to compare against
Epha2,EPHA2,A_secondary_validated,KO_blocks_maturation,True,NO_SPATIAL_EVIDENCE,0,0,0,NO_SPATIAL_EVIDENCE,,False,no LEVEL_A/B/C record,0,,,,,,,,hypertrophic,0.6872309939134897,resting,0.4001729057404777,resting,7.0,0.71,no spatial resolution,no intact-tissue call to compare against
Apc,APC,A_secondary_validated,KO_blocks_maturation,True,NO_SPATIAL_EVIDENCE,0,0,0,NO_SPATIAL_EVIDENCE,,False,no LEVEL_A/B/C record,0,,,,,,,,hypertrophic,0.0920231573981968,hypertrophic,0.0921625862620914,resting,7.0,0.71,no spatial resolution,no intact-tissue call to compare against
Krit1,KRIT1,A_secondary_validated,KO_blocks_maturation,True,NO_SPATIAL_EVIDENCE,0,0,0,NO_SPATIAL_EVIDENCE,,False,no LEVEL_A/B/C record,0,,,,,,,,resting,0.2047120987779891,proliferative,0.4647258740703037,resting,7.0,0.71,no spatial resolution,no intact-tissue call to compare against
Pdcd10,PDCD10,A_secondary_validated,KO_blocks_maturation,True,NO_SPATIAL_EVIDENCE,0,0,0,NO_SPATIAL_EVIDENCE,,False,no LEVEL_A/B/C record,0,,,,,,,,hypertrophic,0.1165817423991733,prehypertrophic,0.0392970421733771,resting,7.0,0.71,no spatial resolution,no intact-tissue call to compare against
Kdm1a,KDM1A,A_secondary_validated,KO_blocks_maturation,True,NO_SPATIAL_EVIDENCE,0,0,0,NO_SPATIAL_EVIDENCE,,False,no LEVEL_A/B/C record,0,,,,,,,,resting,0.1119444005235834,hypertrophic,0.2736363240086685,resting,7.0,0.71,no spatial resolution,no intact-tissue call to compare against
Brd2,BRD2,A_secondary_validated,KO_blocks_maturation,True,NO_SPATIAL_EVIDENCE,0,0,0,NO_SPATIAL_EVIDENCE,,False,no LEVEL_A/B/C record,0,,,,,,,,resting,0.3487675945145945,hypertrophic,0.1684947246884292,resting,6.0,0.83,no spatial resolution,no intact-tissue call to compare against
Mast3,MAST3,A_secondary_validated,KO_blocks_maturation,True,NO_SPATIAL_EVIDENCE,0,0,0,NO_SPATIAL_EVIDENCE,,False,no LEVEL_A/B/C record,0,,,,,,,,hypertrophic,0.2068815635304233,prehypertrophic,0.2333017009508022,resting,7.0,0.71,no spatial resolution,no intact-tissue call to compare against
Lgr4,LGR4,A_secondary_validated,KO_promotes_maturation,True,NO_SPATIAL_EVIDENCE,0,0,0,NO_SPATIAL_EVIDENCE,,False,no LEVEL_A/B/C record,0,,,,,,,,hypertrophic,0.1024336625491013,proliferative,0.0175979968122792,resting,7.0,0.71,no spatial resolution,no intact-tissue call to compare against
Alad,ALAD,A_secondary_validated,KO_blocks_maturation,True,NO_SPATIAL_EVIDENCE,0,0,0,NO_SPATIAL_EVIDENCE,,False,no LEVEL_A/B/C record,0,,,,,,,,resting,0.0114526351196744,resting,0.1443385202925107,resting,6.0,0.83,no spatial resolution,no intact-tissue call to compare against
Smurf2,SMURF2,A_secondary_validated,KO_promotes_maturation,True,NO_SPATIAL_EVIDENCE,0,0,0,NO_SPATIAL_EVIDENCE,,False,no LEVEL_A/B/C record,0,,,,,,,,hypertrophic,0.222229472842514,perichondrium,0.6740616730763413,resting,7.0,0.71,no spatial resolution,no intact-tissue call to compare against
Dcp2,DCP2,A_secondary_validated,KO_promotes_maturation,True,NO_SPATIAL_EVIDENCE,0,0,0,NO_SPATIAL_EVIDENCE,,False,no LEVEL_A/B/C record,0,,,,,,,,hypertrophic,0.0390693189161925,proliferative,0.0295860915422032,resting,7.0,0.71,no spatial resolution,no intact-tissue call to compare against
Ctbp1,CTBP1,A_secondary_validated,KO_promotes_maturation,True,NO_SPATIAL_EVIDENCE,0,0,0,NO_SPATIAL_EVIDENCE,,False,no LEVEL_A/B/C record,0,,,,,,,,resting,0.2503920649043465,resting,0.0098302037911537,resting,6.0,0.83,no spatial resolution,no intact-tissue call to compare against
Unc5b,UNC5B,A_secondary_validated,KO_promotes_maturation,True,NO_SPATIAL_EVIDENCE,0,0,0,NO_SPATIAL_EVIDENCE,,False,no LEVEL_A/B/C record,0,,,,,,,,hypertrophic,0.9605820325395448,hypertrophic,0.1823386477390727,prehypertrophic,7.0,0.57,no spatial resolution,no intact-tissue call to compare against
Kdelr2,KDELR2,A_secondary_validated,KO_blocks_maturation,True,NO_SPATIAL_EVIDENCE,0,0,0,NO_SPATIAL_EVIDENCE,,False,no LEVEL_A/B/C record,0,,,,,,,,hypertrophic,0.0637031557595211,proliferative,0.1655267945369694,resting,7.0,0.71,no spatial resolution,no intact-tissue call to compare against
Rbpj,RBPJ,A_secondary_validated,KO_promotes_maturation,True,NO_SPATIAL_EVIDENCE,0,0,0,NO_SPATIAL_EVIDENCE,,False,no LEVEL_A/B/C record,0,,,,,,,,resting,0.4991994813583318,resting,0.0094863574657324,resting,6.0,0.83,no spatial resolution,no intact-tissue call to compare against
Emsy,EMSY,A_secondary_validated,KO_blocks_maturation,True,NO_SPATIAL_EVIDENCE,0,0,0,NO_SPATIAL_EVIDENCE,,False,no LEVEL_A/B/C record,0,,,,,,,,,,,,resting,6.0,0.83,no spatial resolution,no intact-tissue call to compare against
Bambi,BAMBI,A_secondary_validated,KO_promotes_maturation,True,NO_SPATIAL_EVIDENCE,0,0,0,NO_SPATIAL_EVIDENCE,,False,no LEVEL_A/B/C record,0,,,,,,,,hypertrophic,0.6697961864748141,hypertrophic,0.5314543520988853,resting,7.0,0.57,no spatial resolution,no intact-tissue call to compare against
Smad6,SMAD6,A_secondary_validated,KO_promotes_maturation,True,NO_SPATIAL_EVIDENCE,0,0,0,NO_SPATIAL_EVIDENCE,,False,no LEVEL_A/B/C record,0,,,,,,,,hypertrophic,0.560181487430663,hypertrophic,0.0704047535676615,resting,6.0,0.83,no spatial resolution,no intact-tissue call to compare against
Swi5,SWI5,A_secondary_validated,KO_blocks_maturation,True,NO_SPATIAL_EVIDENCE,0,0,0,NO_SPATIAL_EVIDENCE,,False,no LEVEL_A/B/C record,0,,,,,,,,hypertrophic,0.3489921078625659,prehypertrophic,0.5271889975346298,resting,7.0,0.71,no spatial resolution,no intact-tissue call to compare against
Det1,DET1,A_secondary_validated,KO_blocks_maturation,True,NO_SPATIAL_EVIDENCE,0,0,0,NO_SPATIAL_EVIDENCE,,False,no LEVEL_A/B/C record,0,,,,,,,,hypertrophic,0.1446582680005184,perichondrium,0.3027053943371154,resting,7.0,0.71,no spatial resolution,no intact-tissue call to compare against
Vti1a,VTI1A,A_secondary_validated,KO_blocks_maturation,True,NO_SPATIAL_EVIDENCE,0,0,0,NO_SPATIAL_EVIDENCE,,False,no LEVEL_A/B/C record,0,,,,,,,,hypertrophic,0.3392065220785412,resting,0.1910616719414939,resting,7.0,0.71,no spatial resolution,no intact-tissue call to compare against
Commd6,COMMD6,A_secondary_validated,KO_blocks_maturation,True,NO_SPATIAL_EVIDENCE,0,0,0,NO_SPATIAL_EVIDENCE,,False,no LEVEL_A/B/C record,0,,,,,,,,proliferative,0.0459331261618896,proliferative,0.2913794959948319,resting,7.0,0.71,no spatial resolution,no intact-tissue call to compare against
Mtmr3,MTMR3,A_secondary_validated,KO_blocks_maturation,True,NO_SPATIAL_EVIDENCE,0,0,0,NO_SPATIAL_EVIDENCE,,False,no LEVEL_A/B/C record,0,,,,,,,,resting,0.064675767624946,prehypertrophic,0.3735126077959982,resting,7.0,0.57,no spatial resolution,no intact-tissue call to compare against
Pibf1,PIBF1,A_secondary_validated,KO_promotes_maturation,True,NO_SPATIAL_EVIDENCE,0,0,0,NO_SPATIAL_EVIDENCE,,False,no LEVEL_A/B/C record,0,,,,,,,,proliferative,0.526079408141765,proliferative,0.8041291982434426,resting,7.0,0.71,no spatial resolution,no intact-tissue call to compare against
Wbp1l,WBP1L,A_secondary_validated,KO_blocks_maturation,True,NO_SPATIAL_EVIDENCE,0,0,0,NO_SPATIAL_EVIDENCE,,False,no LEVEL_A/B/C record,0,,,,,,,,hypertrophic,0.3732104789226511,perichondrium,0.1858107637529453,resting,6.0,0.67,no spatial resolution,no intact-tissue call to compare against
Gramd1a,GRAMD1A,A_secondary_validated,KO_blocks_maturation,True,NO_SPATIAL_EVIDENCE,0,0,0,NO_SPATIAL_EVIDENCE,,False,no LEVEL_A/B/C record,0,,,,,,,,resting,0.3369219882411016,proliferative,0.034822878911374,resting,7.0,0.71,no spatial resolution,no intact-tissue call to compare against
Traf3,TRAF3,A_secondary_validated,KO_blocks_maturation,True,NO_SPATIAL_EVIDENCE,0,0,0,NO_SPATIAL_EVIDENCE,,False,no LEVEL_A/B/C record,0,,,,,,,,proliferative,0.2549187877672167,hypertrophic,1.1072908008349884,resting,6.0,0.83,no spatial resolution,no intact-tissue call to compare against
Afdn,AFDN,A_secondary_validated,KO_promotes_maturation,True,NO_SPATIAL_EVIDENCE,0,0,0,NO_SPATIAL_EVIDENCE,,False,no LEVEL_A/B/C record,0,,,,,,,,,,,,resting,4.0,1.0,no spatial resolution,no intact-tissue call to compare against
Sufu,SUFU,A_secondary_validated,KO_promotes_maturation,True,NO_SPATIAL_EVIDENCE,0,0,0,NO_SPATIAL_EVIDENCE,,False,no LEVEL_A/B/C record,0,,,,,,,,hypertrophic,0.1595979662859843,perichondrium,0.0348984659854458,resting,6.0,0.83,no spatial resolution,no intact-tissue call to compare against
Cdyl,CDYL,A_secondary_validated,KO_promotes_maturation,True,NO_SPATIAL_EVIDENCE,0,0,0,NO_SPATIAL_EVIDENCE,,False,no LEVEL_A/B/C record,0,,,,,,,,resting,0.2218939858741322,prehypertrophic,0.4057553818610433,resting,6.0,0.83,no spatial resolution,no intact-tissue call to compare against
Pitrm1,PITRM1,A_secondary_validated,KO_blocks_maturation,True,NO_SPATIAL_EVIDENCE,0,0,0,NO_SPATIAL_EVIDENCE,,False,no LEVEL_A/B/C record,0,,,,,,,,proliferative,0.2684729698961163,proliferative,0.3792247105819779,resting,7.0,0.71,no spatial resolution,no intact-tissue call to compare against
Ccm2,CCM2,A_secondary_validated,KO_blocks_maturation,True,NO_SPATIAL_EVIDENCE,0,0,0,NO_SPATIAL_EVIDENCE,,False,no LEVEL_A/B/C record,0,,,,,,,,proliferative,0.1515324275638576,resting,0.3297654281429452,resting,7.0,0.71,no spatial resolution,no intact-tissue call to compare against
Vps37c,VPS37C,A_secondary_validated,KO_blocks_maturation,True,NO_SPATIAL_EVIDENCE,0,0,0,NO_SPATIAL_EVIDENCE,,False,no LEVEL_A/B/C record,0,,,,,,,,resting,0.2392845257983626,perichondrium,0.7669198346741286,resting,7.0,0.71,no spatial resolution,no intact-tissue call to compare against
Wdpcp,WDPCP,A_secondary_validated,KO_promotes_maturation,True,NO_SPATIAL_EVIDENCE,0,0,0,NO_SPATIAL_EVIDENCE,,False,no LEVEL_A/B/C record,0,,,,,,,,resting,0.2508559474668264,perichondrium,0.9192228102401304,resting,7.0,0.71,no spatial resolution,no intact-tissue call to compare against
Chd8,CHD8,A_secondary_validated,KO_blocks_maturation,True,NO_SPATIAL_EVIDENCE,0,0,0,NO_SPATIAL_EVIDENCE,,False,no LEVEL_A/B/C record,0,,,,,,,,resting,0.2922302644340142,hypertrophic,0.7452660648973506,resting,7.0,0.71,no spatial resolution,no intact-tissue call to compare against
Commd5,COMMD5,A_secondary_validated,KO_blocks_maturation,True,NO_SPATIAL_EVIDENCE,0,0,0,NO_SPATIAL_EVIDENCE,,False,no LEVEL_A/B/C record,0,,,,,,,,proliferative,0.0171009007994022,resting,0.685634524739898,resting,7.0,0.57,no spatial resolution,no intact-tissue call to compare against
Tjap1,TJAP1,A_secondary_validated,KO_blocks_maturation,True,NO_SPATIAL_EVIDENCE,0,0,0,NO_SPATIAL_EVIDENCE,,False,no LEVEL_A/B/C record,0,,,,,,,,proliferative,0.2653587552202996,resting,0.0359481411232263,resting,6.0,0.83,no spatial resolution,no intact-tissue call to compare against
Arnt,ARNT,A_secondary_validated,KO_promotes_maturation,True,NO_SPATIAL_EVIDENCE,0,0,0,NO_SPATIAL_EVIDENCE,,False,no LEVEL_A/B/C record,0,,,,,,,,resting,0.018380059634472,resting,0.0444823502025002,resting,7.0,0.71,no spatial resolution,no intact-tissue call to compare against
Atp2b1,ATP2B1,A_secondary_validated,KO_blocks_maturation,True,NO_SPATIAL_EVIDENCE,0,0,0,NO_SPATIAL_EVIDENCE,,False,no LEVEL_A/B/C record,0,,,,,,,,resting,0.4224228301164636,prehypertrophic,0.1755914980055184,resting,7.0,0.57,no spatial resolution,no intact-tissue call to compare against
Kif3b,KIF3B,A_secondary_validated,KO_promotes_maturation,True,NO_SPATIAL_EVIDENCE,0,0,0,NO_SPATIAL_EVIDENCE,,False,no LEVEL_A/B/C record,0,,,,,,,,hypertrophic,0.0186880709504979,proliferative,0.1433250903026,resting,7.0,0.71,no spatial resolution,no intact-tissue call to compare against
Rc3h1,RC3H1,A_secondary_validated,KO_blocks_maturation,True,NO_SPATIAL_EVIDENCE,0,0,0,NO_SPATIAL_EVIDENCE,,False,no LEVEL_A/B/C record,0,,,,,,,,resting,0.3817655059665128,perichondrium,0.0341104604130251,resting,7.0,0.71,no spatial resolution,no intact-tissue call to compare against
Cop1,COP1,A_secondary_validated,KO_blocks_maturation,True,NO_SPATIAL_EVIDENCE,0,0,0,NO_SPATIAL_EVIDENCE,,False,no LEVEL_A/B/C record,0,,,,,,,,,,,,resting,4.0,1.0,no spatial resolution,no intact-tissue call to compare against
Lrp6,LRP6,A_secondary_validated,KO_promotes_maturation,True,NO_SPATIAL_EVIDENCE,0,0,0,NO_SPATIAL_EVIDENCE,,False,no LEVEL_A/B/C record,0,,,,,,,,resting,0.0485179816832062,perichondrium,0.0302439388676027,resting,7.0,0.71,no spatial resolution,no intact-tissue call to compare against
Washc1,WASH6P,A_secondary_validated,KO_blocks_maturation,True,NO_SPATIAL_EVIDENCE,0,0,0,NO_SPATIAL_EVIDENCE,,False,no LEVEL_A/B/C record,0,,,,,,,,,,,,resting,4.0,1.0,no spatial resolution,no intact-tissue call to compare against
Cbfb,CBFB,A_secondary_validated,KO_blocks_maturation,True,NO_SPATIAL_EVIDENCE,0,0,0,NO_SPATIAL_EVIDENCE,,False,no LEVEL_A/B/C record,0,,,,,,,,hypertrophic,0.1245763095191279,proliferative,0.2640053817243952,resting,7.0,0.71,no spatial resolution,no intact-tissue call to compare against
Suv39h1,SUV39H1,A_secondary_validated,KO_promotes_maturation,True,NO_SPATIAL_EVIDENCE,0,0,0,NO_SPATIAL_EVIDENCE,,False,no LEVEL_A/B/C record,0,,,,,,,,proliferative,0.0199185332889655,resting,0.2870075489946924,resting,7.0,0.57,no spatial resolution,no intact-tissue call to compare against
Zdhhc5,ZDHHC5,A_secondary_validated,KO_blocks_maturation,True,NO_SPATIAL_EVIDENCE,0,0,0,NO_SPATIAL_EVIDENCE,,False,no LEVEL_A/B/C record,0,,,,,,,,resting,0.0885001031142351,prehypertrophic,0.2189826370117664,resting,7.0,0.71,no spatial resolution,no intact-tissue call to compare against
Tmem184c,TMEM184C,A_secondary_validated,KO_blocks_maturation,True,NO_SPATIAL_EVIDENCE,0,0,0,NO_SPATIAL_EVIDENCE,,False,no LEVEL_A/B/C record,0,,,,,,,,hypertrophic,0.137653207485755,resting,0.3581573907114972,resting,7.0,0.71,no spatial resolution,no intact-tissue call to compare against
Kdm2a,KDM2A,A_secondary_validated,KO_blocks_maturation,True,NO_SPATIAL_EVIDENCE,0,0,0,NO_SPATIAL_EVIDENCE,,False,no LEVEL_A/B/C record,0,,,,,,,,hypertrophic,0.0600137935196123,hypertrophic,0.7428174019374296,resting,7.0,0.71,no spatial resolution,no intact-tissue call to compare against
Pebp1,,A_secondary_validated,KO_blocks_maturation,True,NO_SPATIAL_EVIDENCE,0,0,0,NO_SPATIAL_EVIDENCE,,False,no LEVEL_A/B/C record,0,,,,,,,,resting,0.0174657694841897,,,resting,7.0,0.71,no spatial resolution,no intact-tissue call to compare against
Hnrnpc,HNRNPCL1,A_secondary_validated,KO_promotes_maturation,True,NO_SPATIAL_EVIDENCE,0,0,0,NO_SPATIAL_EVIDENCE,,False,no LEVEL_A/B/C record,0,,,,,,,,hypertrophic,0.0024450020724202,hypertrophic,0.0046254316732223,resting,7.0,0.71,no spatial resolution,no intact-tissue call to compare against
Bptf,BPTF,A_secondary_validated,KO_blocks_maturation,True,NO_SPATIAL_EVIDENCE,0,0,0,NO_SPATIAL_EVIDENCE,,False,no LEVEL_A/B/C record,0,,,,,,,,resting,0.1072718110967763,perichondrium,0.1116446921802278,resting,7.0,0.71,no spatial resolution,no intact-tissue call to compare against
Suz12,SUZ12,A_secondary_validated,KO_promotes_maturation,True,NO_SPATIAL_EVIDENCE,0,0,0,NO_SPATIAL_EVIDENCE,,False,no LEVEL_A/B/C record,0,,,,,,,,proliferative,0.0748174845938649,resting,0.2907895003513374,resting,7.0,0.71,no spatial resolution,no intact-tissue call to compare against
Traf3ip1,TRAF3IP1,A_secondary_validated,KO_promotes_maturation,True,NO_SPATIAL_EVIDENCE,0,0,0,NO_SPATIAL_EVIDENCE,,False,no LEVEL_A/B/C record,0,,,,,,,,hypertrophic,0.351946196126887,proliferative,1.048777115964571,resting,7.0,0.71,no spatial resolution,no intact-tissue call to compare against
Fuz,FUZ,A_secondary_validated,KO_promotes_maturation,True,NO_SPATIAL_EVIDENCE,0,0,0,NO_SPATIAL_EVIDENCE,,False,no LEVEL_A/B/C record,0,,,,,,,,resting,0.2226383935070774,resting,0.4100775761163575,resting,7.0,0.71,no spatial resolution,no intact-tissue call to compare against
ONE_INTERGENIC_SITE_2,,A_secondary_validated,KO_blocks_maturation,True,NO_SPATIAL_EVIDENCE,0,0,0,NO_SPATIAL_EVIDENCE,,False,no LEVEL_A/B/C record,0,,,,,,,,,,,,,,,no spatial resolution,no intact-tissue call to compare against
Uhrf1bp1l,,A_secondary_validated,KO_blocks_maturation,True,NO_SPATIAL_EVIDENCE,0,0,0,NO_SPATIAL_EVIDENCE,,False,no LEVEL_A/B/C record,0,,,,,,,,proliferative,0.1216787400570726,,,resting,7.0,0.71,no spatial resolution,no intact-tissue call to compare against
Vps29,VPS29,A_secondary_validated,KO_blocks_maturation,True,NO_SPATIAL_EVIDENCE,0,0,0,NO_SPATIAL_EVIDENCE,,False,no LEVEL_A/B/C record,0,,,,,,,,hypertrophic,0.0524755071412172,perichondrium,0.3787071281875107,resting,7.0,0.71,no spatial resolution,no intact-tissue call to compare against
Setd5,SETD5,A_secondary_validated,KO_blocks_maturation,True,NO_SPATIAL_EVIDENCE,0,0,0,NO_SPATIAL_EVIDENCE,,False,no LEVEL_A/B/C record,0,,,,,,,,resting,0.0792135727264184,hypertrophic,0.4668365430449519,resting,7.0,0.71,no spatial resolution,no intact-tissue call to compare against
Ckap2,CKAP2,A_secondary_validated,KO_blocks_maturation,True,NO_SPATIAL_EVIDENCE,0,0,0,NO_SPATIAL_EVIDENCE,,False,no LEVEL_A/B/C record,0,,,,,,,,resting,0.1060172369375251,proliferative,0.2449782701849301,proliferative,7.0,0.71,no spatial resolution,no intact-tissue call to compare against
Mtf2,MTF2,A_secondary_validated,KO_promotes_maturation,True,NO_SPATIAL_EVIDENCE,0,0,0,NO_SPATIAL_EVIDENCE,,False,no LEVEL_A/B/C record,0,,,,,,,,proliferative,0.0202909041149244,perichondrium,0.6438503392776873,resting,6.0,0.83,no spatial resolution,no intact-tissue call to compare against
Arrb2,ARRB2,A_secondary_validated,KO_promotes_maturation,True,NO_SPATIAL_EVIDENCE,0,0,0,NO_SPATIAL_EVIDENCE,,False,no LEVEL_A/B/C record,0,,,,,,,,hypertrophic,0.0042993412341871,perichondrium,0.4430206369334595,resting,6.0,0.83,no spatial resolution,no intact-tissue call to compare against
Fkbp1a,FKBP1A,A_secondary_validated,KO_promotes_maturation,True,NO_SPATIAL_EVIDENCE,0,0,0,NO_SPATIAL_EVIDENCE,,False,no LEVEL_A/B/C record,0,,,,,,,,hypertrophic,0.1084720255445752,perichondrium,0.0528538597567447,resting,7.0,0.71,no spatial resolution,no intact-tissue call to compare against
Ift52,IFT52,A_secondary_validated,KO_promotes_maturation,True,NO_SPATIAL_EVIDENCE,0,0,0,NO_SPATIAL_EVIDENCE,,False,no LEVEL_A/B/C record,0,,,,,,,,hypertrophic,0.0937748816922141,perichondrium,0.0570590621702695,resting,7.0,0.71,no spatial resolution,no intact-tissue call to compare against
Clic1,CLIC1,B_primary_reproducible,KO_promotes_maturation,True,NO_SPATIAL_EVIDENCE,0,0,0,NO_SPATIAL_EVIDENCE,,False,no LEVEL_A/B/C record,0,,,,,,,,resting,0.4758163274445657,resting,0.0833546561635572,resting,7.0,0.71,no spatial resolution,no intact-tissue call to compare against
Mettl14,METTL14,A_secondary_validated,KO_blocks_maturation,True,NO_SPATIAL_EVIDENCE,0,0,0,NO_SPATIAL_EVIDENCE,,False,no LEVEL_A/B/C record,0,,,,,,,,hypertrophic,0.0609214026040003,hypertrophic,0.249516048669232,resting,7.0,0.71,no spatial resolution,no intact-tissue call to compare against
Mib1,MIB1,A_secondary_validated,KO_promotes_maturation,True,NO_SPATIAL_EVIDENCE,0,0,0,NO_SPATIAL_EVIDENCE,,False,no LEVEL_A/B/C record,0,,,,,,,,resting,0.0911161885525189,perichondrium,0.1803364211182128,resting,7.0,0.71,no spatial resolution,no intact-tissue call to compare against
Zkscan3,ZKSCAN4,A_secondary_validated,KO_blocks_maturation,True,NO_SPATIAL_EVIDENCE,0,0,0,NO_SPATIAL_EVIDENCE,,False,no LEVEL_A/B/C record,0,,,,,,,,proliferative,0.0838167912833469,prehypertrophic,0.1192184373371176,resting,6.0,0.83,no spatial resolution,no intact-tissue call to compare against
Rxfp2,RXFP2,B_primary_reproducible,KO_promotes_maturation,True,NO_SPATIAL_EVIDENCE,0,0,0,NO_SPATIAL_EVIDENCE,,False,no LEVEL_A/B/C record,0,,,,,,,,resting,0.7280164525542112,hypertrophic,0.1598846941195351,resting,5.0,0.8,no spatial resolution,no intact-tissue call to compare against
Gnas,GNAS,A_secondary_validated,KO_promotes_maturation,True,NO_SPATIAL_EVIDENCE,0,0,0,NO_SPATIAL_EVIDENCE,,False,no LEVEL_A/B/C record,0,,,,,,,,resting,0.059507899040847,prehypertrophic,0.2422850745203195,resting,7.0,0.71,no spatial resolution,no intact-tissue call to compare against
Gpr12,GPR12,B_primary_reproducible,KO_promotes_maturation,True,NO_SPATIAL_EVIDENCE,0,0,0,NO_SPATIAL_EVIDENCE,,False,no LEVEL_A/B/C record,0,,,,,,,,proliferative,0.3980126189638819,perichondrium,0.56463547293305,resting,2.0,0.5,no spatial resolution,no intact-tissue call to compare against
Glud1,GLUD2,A_secondary_validated,KO_blocks_maturation,True,NO_SPATIAL_EVIDENCE,0,0,0,NO_SPATIAL_EVIDENCE,,False,no LEVEL_A/B/C record,0,,,,,,,,resting,0.242709258220934,perichondrium,0.2558079814561509,resting,7.0,0.71,no spatial resolution,no intact-tissue call to compare against
Gcgr,GCGR,B_primary_reproducible,KO_promotes_maturation,True,NO_SPATIAL_EVIDENCE,0,0,0,NO_SPATIAL_EVIDENCE,,False,no LEVEL_A/B/C record,0,,,,,,,,resting,0.6429875059139842,hypertrophic,0.0166877822042357,resting,5.0,0.8,no spatial resolution,no intact-tissue call to compare against
Pdpr,PDPR,A_secondary_validated,KO_blocks_maturation,True,NO_SPATIAL_EVIDENCE,0,0,0,NO_SPATIAL_EVIDENCE,,False,no LEVEL_A/B/C record,0,,,,,,,,proliferative,0.1535977112882776,perichondrium,0.23084884884131,resting,7.0,0.71,no spatial resolution,no intact-tissue call to compare against
Wdr19,WDR19,B_primary_reproducible,KO_promotes_maturation,True,NO_SPATIAL_EVIDENCE,0,0,0,NO_SPATIAL_EVIDENCE,,False,no LEVEL_A/B/C record,0,,,,,,,,resting,0.6795838758064834,resting,0.0526858249351711,resting,7.0,0.71,no spatial resolution,no intact-tissue call to compare against
Ppp2r5d,PPP2R5D,A_secondary_validated,KO_promotes_maturation,True,NO_SPATIAL_EVIDENCE,0,0,0,NO_SPATIAL_EVIDENCE,,False,no LEVEL_A/B/C record,0,,,,,,,,proliferative,0.0188817724533461,perichondrium,0.2653961600977812,resting,7.0,0.71,no spatial resolution,no intact-tissue call to compare against
Pkia,PKIA,B_primary_reproducible,KO_promotes_maturation,True,NO_SPATIAL_EVIDENCE,0,0,0,NO_SPATIAL_EVIDENCE,,False,no LEVEL_A/B/C record,0,,,,,,,,proliferative,0.8138651677291247,proliferative,0.0281877569679327,resting,6.0,1.0,no spatial resolution,no intact-tissue call to compare against
Med26,MED26,A_secondary_validated,KO_blocks_maturation,True,NO_SPATIAL_EVIDENCE,0,0,0,NO_SPATIAL_EVIDENCE,,False,no LEVEL_A/B/C record,0,,,,,,,,resting,0.1278200248736887,resting,0.0801236246687668,resting,7.0,0.71,no spatial resolution,no intact-tissue call to compare against
Pax9,PAX9,A_secondary_validated,KO_promotes_maturation,True,NO_SPATIAL_EVIDENCE,0,0,0,NO_SPATIAL_EVIDENCE,,False,no LEVEL_A/B/C record,0,,,,,,,,resting,0.9991151037427316,hypertrophic,0.159373711814446,resting,6.0,0.67,no spatial resolution,no intact-tissue call to compare against
ONE_INTERGENIC_SITE_3,,A_secondary_validated,KO_blocks_maturation,True,NO_SPATIAL_EVIDENCE,0,0,0,NO_SPATIAL_EVIDENCE,,False,no LEVEL_A/B/C record,0,,,,,,,,,,,,,,,no spatial resolution,no intact-tissue call to compare against
ONE_INTERGENIC_SITE_7,,A_secondary_validated,KO_blocks_maturation,True,NO_SPATIAL_EVIDENCE,0,0,0,NO_SPATIAL_EVIDENCE,,False,no LEVEL_A/B/C record,0,,,,,,,,,,,,,,,no spatial resolution,no intact-tissue call to compare against
ONE_INTERGENIC_SITE_10,,A_secondary_validated,KO_blocks_maturation,True,NO_SPATIAL_EVIDENCE,0,0,0,NO_SPATIAL_EVIDENCE,,False,no LEVEL_A/B/C record,0,,,,,,,,,,,,,,,no spatial resolution,no intact-tissue call to compare against
Aldh2,ALDH2,A_secondary_validated,KO_promotes_maturation,True,NO_SPATIAL_EVIDENCE,0,0,0,NO_SPATIAL_EVIDENCE,,False,no LEVEL_A/B/C record,0,,,,,,,,resting,0.0960917797585878,prehypertrophic,0.4165552957428389,resting,7.0,0.71,no spatial resolution,no intact-tissue call to compare against
Ralgapb,RALGAPB,A_secondary_validated,KO_promotes_maturation,True,NO_SPATIAL_EVIDENCE,0,0,0,NO_SPATIAL_EVIDENCE,,False,no LEVEL_A/B/C record,0,,,,,,,,hypertrophic,0.0489260557557109,prehypertrophic,0.8716659072138633,resting,7.0,0.71,no spatial resolution,no intact-tissue call to compare against
Slco2b1,SLCO2B1,B_primary_reproducible,KO_promotes_maturation,True,NO_SPATIAL_EVIDENCE,0,0,0,NO_SPATIAL_EVIDENCE,,False,no LEVEL_A/B/C record,0,,,,,,,,hypertrophic,0.2876494335802118,hypertrophic,0.4654817088763643,resting,6.0,0.5,no spatial resolution,no intact-tissue call to compare against
Eif3h,EIF3H,A_secondary_validated,KO_blocks_maturation,True,NO_SPATIAL_EVIDENCE,0,0,0,NO_SPATIAL_EVIDENCE,,False,no LEVEL_A/B/C record,0,,,,,,,,resting,0.119507765736893,prehypertrophic,0.1344837548949673,resting,7.0,0.71,no spatial resolution,no intact-tissue call to compare against
Ift57,IFT57,A_secondary_validated,KO_promotes_maturation,True,NO_SPATIAL_EVIDENCE,0,0,0,NO_SPATIAL_EVIDENCE,,False,no LEVEL_A/B/C record,0,,,,,,,,hypertrophic,0.0902297588969371,proliferative,0.1969638398815849,resting,7.0,0.71,no spatial resolution,no intact-tissue call to compare against
Ift172,IFT172,A_secondary_validated,KO_promotes_maturation,True,NO_SPATIAL_EVIDENCE,0,0,0,NO_SPATIAL_EVIDENCE,,False,no LEVEL_A/B/C record,0,,,,,,,,resting,0.2747271647262206,hypertrophic,0.442900205785639,resting,7.0,0.71,no spatial resolution,no intact-tissue call to compare against
Cplane2,CPLANE2,A_secondary_validated,KO_promotes_maturation,True,NO_SPATIAL_EVIDENCE,0,0,0,NO_SPATIAL_EVIDENCE,,False,no LEVEL_A/B/C record,0,,,,,,,,,,,,resting,3.0,1.0,no spatial resolution,no intact-tissue call to compare against
Ptges,PTGES,B_primary_reproducible,KO_promotes_maturation,True,NO_SPATIAL_EVIDENCE,0,0,0,NO_SPATIAL_EVIDENCE,,False,no LEVEL_A/B/C record,0,,,,,,,,hypertrophic,0.4384424376981846,hypertrophic,0.3805315822879382,resting,7.0,0.86,no spatial resolution,no intact-tissue call to compare against
P4hb,P4HB,B_primary_reproducible,KO_promotes_maturation,True,NO_SPATIAL_EVIDENCE,0,0,0,NO_SPATIAL_EVIDENCE,,False,no LEVEL_A/B/C record,0,,,,,,,,hypertrophic,0.0419885652413469,hypertrophic,0.0246891812463339,resting,7.0,0.71,no spatial resolution,no intact-tissue call to compare against
Sox6,SOX6,A_secondary_validated,KO_promotes_maturation,True,NO_SPATIAL_EVIDENCE,0,0,0,NO_SPATIAL_EVIDENCE,,False,no LEVEL_A/B/C record,0,,,,,,,,resting,0.482937468775706,hypertrophic,0.2134479446888715,resting,7.0,0.71,no spatial resolution,no intact-tissue call to compare against
Csde1,CSDE1,A_secondary_validated,KO_promotes_maturation,True,NO_SPATIAL_EVIDENCE,0,0,0,NO_SPATIAL_EVIDENCE,,False,no LEVEL_A/B/C record,0,,,,,,,,hypertrophic,0.1910900748358788,perichondrium,0.547487884628465,resting,7.0,0.71,no spatial resolution,no intact-tissue call to compare against
Mcu,MCU,B_primary_reproducible,KO_promotes_maturation,True,NO_SPATIAL_EVIDENCE,0,0,0,NO_SPATIAL_EVIDENCE,,False,no LEVEL_A/B/C record,0,,,,,,,,resting,0.049384144930002,perichondrium,0.6551731234332774,resting,7.0,0.71,no spatial resolution,no intact-tissue call to compare against
Phf12,PHF12,A_secondary_validated,KO_blocks_maturation,True,NO_SPATIAL_EVIDENCE,0,0,0,NO_SPATIAL_EVIDENCE,,False,no LEVEL_A/B/C record,0,,,,,,,,proliferative,0.0576013263031072,prehypertrophic,0.1542391449439026,resting,7.0,0.71,no spatial resolution,no intact-tissue call to compare against
Ankrd11,ANKRD11,A_secondary_validated,KO_blocks_maturation,True,NO_SPATIAL_EVIDENCE,0,0,0,NO_SPATIAL_EVIDENCE,,False,no LEVEL_A/B/C record,0,,,,,,,,proliferative,0.1772895481097176,hypertrophic,0.245184555788132,resting,6.0,0.83,no spatial resolution,no intact-tissue call to compare against
Irak2,IRAK2,B_primary_reproducible,KO_promotes_maturation,True,NO_SPATIAL_EVIDENCE,0,0,0,NO_SPATIAL_EVIDENCE,,False,no LEVEL_A/B/C record,0,,,,,,,,hypertrophic,0.4906232662689653,proliferative,0.2500570063232796,resting,6.0,0.83,no spatial resolution,no intact-tissue call to compare against
Hoxa11,HOXA11,A_secondary_validated,KO_promotes_maturation,True,NO_SPATIAL_EVIDENCE,0,0,0,NO_SPATIAL_EVIDENCE,,False,no LEVEL_A/B/C record,0,,,,,,,,resting,0.9767669354063973,proliferative,0.0044594396545605,resting,7.0,0.71,no spatial resolution,no intact-tissue call to compare against
Bbc3,BBC3,A_secondary_validated,KO_promotes_maturation,True,NO_SPATIAL_EVIDENCE,0,0,0,NO_SPATIAL_EVIDENCE,,False,no LEVEL_A/B/C record,0,,,,,,,,hypertrophic,0.2466629351980565,resting,0.0930992611108418,resting,7.0,0.71,no spatial resolution,no intact-tissue call to compare against
Rhog,RHOG,B_primary_reproducible,KO_promotes_maturation,True,NO_SPATIAL_EVIDENCE,0,0,0,NO_SPATIAL_EVIDENCE,,False,no LEVEL_A/B/C record,0,,,,,,,,hypertrophic,0.2036543893038604,perichondrium,0.2481850359687563,resting,7.0,0.71,no spatial resolution,no intact-tissue call to compare against
Akap13,AKAP13,B_primary_reproducible,KO_promotes_maturation,True,NO_SPATIAL_EVIDENCE,0,0,0,NO_SPATIAL_EVIDENCE,,False,no LEVEL_A/B/C record,0,,,,,,,,resting,0.2780877869437752,hypertrophic,0.0790857614710738,resting,7.0,0.71,no spatial resolution,no intact-tissue call to compare against
Arhgap1,ARHGAP1,B_primary_reproducible,KO_promotes_maturation,True,NO_SPATIAL_EVIDENCE,0,0,0,NO_SPATIAL_EVIDENCE,,False,no LEVEL_A/B/C record,0,,,,,,,,resting,0.0587306644290031,perichondrium,0.6902751652895311,resting,6.0,0.83,no spatial resolution,no intact-tissue call to compare against
Ccnf,CCNF,B_primary_reproducible,KO_promotes_maturation,True,NO_SPATIAL_EVIDENCE,0,0,0,NO_SPATIAL_EVIDENCE,,False,no LEVEL_A/B/C record,0,,,,,,,,proliferative,0.0237015912574953,proliferative,0.9774036303813728,proliferative,6.0,0.83,no spatial resolution,no intact-tissue call to compare against
Brinp1,BRINP1,B_primary_reproducible,KO_promotes_maturation,True,NO_SPATIAL_EVIDENCE,0,0,0,NO_SPATIAL_EVIDENCE,,False,no LEVEL_A/B/C record,0,,,,,,,,proliferative,1.026144608183781,proliferative,0.3378386587692965,resting,5.0,0.8,no spatial resolution,no intact-tissue call to compare against
Tfap4,TFAP4,A_secondary_validated,KO_blocks_maturation,True,NO_SPATIAL_EVIDENCE,0,0,0,NO_SPATIAL_EVIDENCE,,False,no LEVEL_A/B/C record,0,,,,,,,,resting,0.4975227608660981,perichondrium,0.0549164569633848,resting,6.0,0.83,no spatial resolution,no intact-tissue call to compare against
Hdlbp,HDLBP,B_primary_reproducible,KO_promotes_maturation,True,NO_SPATIAL_EVIDENCE,0,0,0,NO_SPATIAL_EVIDENCE,,False,no LEVEL_A/B/C record,0,,,,,,,,hypertrophic,0.0071563053305343,proliferative,0.0371468176923155,resting,7.0,0.71,no spatial resolution,no intact-tissue call to compare against
Snx7,SNX7,B_primary_reproducible,KO_promotes_maturation,True,NO_SPATIAL_EVIDENCE,0,0,0,NO_SPATIAL_EVIDENCE,,False,no LEVEL_A/B/C record,0,,,,,,,,hypertrophic,0.1250633448780114,prehypertrophic,0.1937502499227683,resting,7.0,0.71,no spatial resolution,no intact-tissue call to compare against
NO_SITE_11,,A_secondary_validated,KO_promotes_maturation,True,NO_SPATIAL_EVIDENCE,0,0,0,NO_SPATIAL_EVIDENCE,,False,no LEVEL_A/B/C record,0,,,,,,,,,,,,,,,no spatial resolution,no intact-tissue call to compare against
Kcns1,KCNS1,B_primary_reproducible,KO_promotes_maturation,True,NO_SPATIAL_EVIDENCE,0,0,0,NO_SPATIAL_EVIDENCE,,False,no LEVEL_A/B/C record,0,,,,,,,,resting,0.0886663200224386,hypertrophic,0.1331471333908851,resting,6.0,0.67,no spatial resolution,no intact-tissue call to compare against
Cep20,CEP20,A_secondary_validated,KO_promotes_maturation,True,NO_SPATIAL_EVIDENCE,0,0,0,NO_SPATIAL_EVIDENCE,,False,no LEVEL_A/B/C record,0,,,,,,,,,,,,,,,no spatial resolution,no intact-tissue call to compare against
Sec24b,SEC24B,B_primary_reproducible,KO_promotes_maturation,True,NO_SPATIAL_EVIDENCE,0,0,0,NO_SPATIAL_EVIDENCE,,False,no LEVEL_A/B/C record,0,,,,,,,,proliferative,0.001679935996897,proliferative,0.4283091474632954,resting,7.0,0.71,no spatial resolution,no intact-tissue call to compare against
Dhrs7b,DHRS7B,B_primary_reproducible,KO_promotes_maturation,True,NO_SPATIAL_EVIDENCE,0,0,0,NO_SPATIAL_EVIDENCE,,False,no LEVEL_A/B/C record,0,,,,,,,,hypertrophic,0.5011491633252643,prehypertrophic,1.215979843282316,resting,7.0,0.71,no spatial resolution,no intact-tissue call to compare against
Smpd4,SMPD4,B_primary_reproducible,KO_promotes_maturation,True,NO_SPATIAL_EVIDENCE,0,0,0,NO_SPATIAL_EVIDENCE,,False,no LEVEL_A/B/C record,0,,,,,,,,proliferative,0.088310924683121,,,resting,6.0,0.83,no spatial resolution,no intact-tissue call to compare against
Eed,EED,A_secondary_validated,KO_promotes_maturation,True,NO_SPATIAL_EVIDENCE,0,0,0,NO_SPATIAL_EVIDENCE,,False,no LEVEL_A/B/C record,0,,,,,,,,hypertrophic,0.018735437567928,proliferative,0.0842973956309478,resting,7.0,0.71,no spatial resolution,no intact-tissue call to compare against
Rln1,RLN1,B_primary_reproducible,KO_promotes_maturation,True,NO_SPATIAL_EVIDENCE,0,0,0,NO_SPATIAL_EVIDENCE,,False,no LEVEL_A/B/C record,0,,,,,,,,hypertrophic,0.1025110790485532,proliferative,0.040652701105845,resting,6.0,0.67,no spatial resolution,no intact-tissue call to compare against
Myh9,MYH9,A_secondary_validated,KO_promotes_maturation,True,NO_SPATIAL_EVIDENCE,0,0,0,NO_SPATIAL_EVIDENCE,,False,no LEVEL_A/B/C record,0,,,,,,,,hypertrophic,0.1854307593001589,perichondrium,0.7529592337853881,resting,7.0,0.71,no spatial resolution,no intact-tissue call to compare against
1600012H06Rik,C6orf120,B_primary_reproducible,KO_promotes_maturation,True,NO_SPATIAL_EVIDENCE,0,0,0,NO_SPATIAL_EVIDENCE,,False,no LEVEL_A/B/C record,0,,,,,,,,resting,0.0401947233667456,hypertrophic,0.1848503928660463,resting,7.0,0.71,no spatial resolution,no intact-tissue call to compare against
Hdac7,HDAC7,B_primary_reproducible,KO_promotes_maturation,True,NO_SPATIAL_EVIDENCE,0,0,0,NO_SPATIAL_EVIDENCE,,False,no LEVEL_A/B/C record,0,,,,,,,,resting,0.139540810889434,perichondrium,0.3517570759830715,resting,6.0,0.83,no spatial resolution,no intact-tissue call to compare against
Rpl29,RPL29,B_primary_reproducible,KO_promotes_maturation,True,NO_SPATIAL_EVIDENCE,0,0,0,NO_SPATIAL_EVIDENCE,,False,no LEVEL_A/B/C record,0,,,,,,,,,,prehypertrophic,0.3176059913179117,resting,7.0,0.71,no spatial resolution,no intact-tissue call to compare against
Hltf,HLTF,B_primary_reproducible,KO_promotes_maturation,True,NO_SPATIAL_EVIDENCE,0,0,0,NO_SPATIAL_EVIDENCE,,False,no LEVEL_A/B/C record,0,,,,,,,,proliferative,0.0980556602463806,hypertrophic,0.3113930774443503,resting,6.0,0.83,no spatial resolution,no intact-tissue call to compare against
Mtpn,MTPN,B_primary_reproducible,KO_promotes_maturation,True,NO_SPATIAL_EVIDENCE,0,0,0,NO_SPATIAL_EVIDENCE,,False,no LEVEL_A/B/C record,0,,,,,,,,hypertrophic,0.0366225335069696,resting,1.0698795567118102,resting,7.0,0.71,no spatial resolution,no intact-tissue call to compare against
Lamc1,LAMC1,B_primary_reproducible,KO_promotes_maturation,True,NO_SPATIAL_EVIDENCE,0,0,0,NO_SPATIAL_EVIDENCE,,False,no LEVEL_A/B/C record,0,,,,,,,,resting,0.2410196724797249,perichondrium,0.7696086739572703,resting,7.0,0.71,no spatial resolution,no intact-tissue call to compare against
Msh2,MSH2,B_primary_reproducible,KO_promotes_maturation,True,NO_SPATIAL_EVIDENCE,0,0,0,NO_SPATIAL_EVIDENCE,,False,no LEVEL_A/B/C record,0,,,,,,,,proliferative,0.0772491851521817,perichondrium,1.1398277551436138,resting,7.0,0.71,no spatial resolution,no intact-tissue call to compare against
Osbpl5,OSBPL5,B_primary_reproducible,KO_promotes_maturation,True,NO_SPATIAL_EVIDENCE,0,0,0,NO_SPATIAL_EVIDENCE,,False,no LEVEL_A/B/C record,0,,,,,,,,resting,0.0817403138078187,proliferative,0.3186890990580959,resting,6.0,0.67,no spatial resolution,no intact-tissue call to compare against
Stat3,STAT3,B_primary_reproducible,KO_promotes_maturation,True,NO_SPATIAL_EVIDENCE,0,0,0,NO_SPATIAL_EVIDENCE,,False,no LEVEL_A/B/C record,0,,,,,,,,resting,0.1047307857601076,hypertrophic,0.4980404269972478,resting,7.0,0.71,no spatial resolution,no intact-tissue call to compare against
Eef2k,EEF2K,B_primary_reproducible,KO_promotes_maturation,True,NO_SPATIAL_EVIDENCE,0,0,0,NO_SPATIAL_EVIDENCE,,False,no LEVEL_A/B/C record,0,,,,,,,,hypertrophic,0.0296438262250759,perichondrium,0.0921947793566158,resting,6.0,0.67,no spatial resolution,no intact-tissue call to compare against
Klhl6,KLHL6,B_primary_reproducible,KO_promotes_maturation,True,NO_SPATIAL_EVIDENCE,0,0,0,NO_SPATIAL_EVIDENCE,,False,no LEVEL_A/B/C record,0,,,,,,,,hypertrophic,0.6705885177110087,resting,0.1524030403707712,resting,4.0,0.75,no spatial resolution,no intact-tissue call to compare against
Emp2,EMP2,B_primary_reproducible,KO_promotes_maturation,True,NO_SPATIAL_EVIDENCE,0,0,0,NO_SPATIAL_EVIDENCE,,False,no LEVEL_A/B/C record,0,,,,,,,,resting,0.2820711380071312,resting,0.1545005585395849,resting,7.0,0.71,no spatial resolution,no intact-tissue call to compare against
Tm2d1,TM2D1,B_primary_reproducible,KO_promotes_maturation,True,NO_SPATIAL_EVIDENCE,0,0,0,NO_SPATIAL_EVIDENCE,,False,no LEVEL_A/B/C record,0,,,,,,,,resting,0.1408807669435852,proliferative,0.4811085877982997,resting,7.0,0.71,no spatial resolution,no intact-tissue call to compare against
Tmem147,TMEM147,B_primary_reproducible,KO_promotes_maturation,True,NO_SPATIAL_EVIDENCE,0,0,0,NO_SPATIAL_EVIDENCE,,False,no LEVEL_A/B/C record,0,,,,,,,,hypertrophic,0.1299973079652119,prehypertrophic,0.3738092723136752,resting,7.0,0.71,no spatial resolution,no intact-tissue call to compare against
Edc4,EDC4,A_secondary_validated,KO_promotes_maturation,True,NO_SPATIAL_EVIDENCE,0,0,0,NO_SPATIAL_EVIDENCE,,False,no LEVEL_A/B/C record,0,,,,,,,,resting,0.3935932634998949,hypertrophic,0.6526354416985463,resting,7.0,0.57,no spatial resolution,no intact-tissue call to compare against
Pagr1a,PAGR1,B_primary_reproducible,KO_promotes_maturation,True,NO_SPATIAL_EVIDENCE,0,0,0,NO_SPATIAL_EVIDENCE,,False,no LEVEL_A/B/C record,0,,,,,,,,resting,0.3746104683972042,resting,0.459755514865412,resting,7.0,0.71,no spatial resolution,no intact-tissue call to compare against
Tmeff2,TMEFF2,B_primary_reproducible,KO_promotes_maturation,True,NO_SPATIAL_EVIDENCE,0,0,0,NO_SPATIAL_EVIDENCE,,False,no LEVEL_A/B/C record,0,,,,,,,,proliferative,0.8439929246229179,resting,0.8561359049604285,resting,6.0,0.67,no spatial resolution,no intact-tissue call to compare against
Gpr162,GPR162,B_primary_reproducible,KO_promotes_maturation,True,NO_SPATIAL_EVIDENCE,0,0,0,NO_SPATIAL_EVIDENCE,,False,no LEVEL_A/B/C record,0,,,,,,,,resting,0.0508816215249954,prehypertrophic,0.2029693853986209,resting,6.0,0.83,no spatial resolution,no intact-tissue call to compare against
Ogn,OGN,B_primary_reproducible,KO_promotes_maturation,True,NO_SPATIAL_EVIDENCE,0,0,0,NO_SPATIAL_EVIDENCE,,False,no LEVEL_A/B/C record,0,,,,,,,,resting,0.271178067040271,proliferative,0.9889615206168934,resting,7.0,0.86,no spatial resolution,no intact-tissue call to compare against
Stac2,STAC2,B_primary_reproducible,KO_promotes_maturation,True,NO_SPATIAL_EVIDENCE,0,0,0,NO_SPATIAL_EVIDENCE,,False,no LEVEL_A/B/C record,0,,,,,,,,resting,0.3343218160824657,perichondrium,0.0764743500227886,resting,7.0,0.71,no spatial resolution,no intact-tissue call to compare against
Ptbp1,PTBP1,A_secondary_validated,KO_promotes_maturation,True,NO_SPATIAL_EVIDENCE,0,0,0,NO_SPATIAL_EVIDENCE,,False,no LEVEL_A/B/C record,0,,,,,,,,hypertrophic,0.4485155391779081,perichondrium,0.1481184745224659,resting,7.0,0.71,no spatial resolution,no intact-tissue call to compare against
Slc35a2,SLC35A2,B_primary_reproducible,KO_promotes_maturation,True,NO_SPATIAL_EVIDENCE,0,0,0,NO_SPATIAL_EVIDENCE,,False,no LEVEL_A/B/C record,0,,,,,,,,resting,0.1580099303905413,prehypertrophic,0.1290241513660444,resting,7.0,0.71,no spatial resolution,no intact-tissue call to compare against
Mitf,MITF,B_primary_reproducible,KO_promotes_maturation,True,NO_SPATIAL_EVIDENCE,0,0,0,NO_SPATIAL_EVIDENCE,,False,no LEVEL_A/B/C record,0,,,,,,,,hypertrophic,0.0597275141134563,resting,0.5162208400907993,resting,6.0,0.83,no spatial resolution,no intact-tissue call to compare against
Sap30,SAP30,B_primary_reproducible,KO_promotes_maturation,True,NO_SPATIAL_EVIDENCE,0,0,0,NO_SPATIAL_EVIDENCE,,False,no LEVEL_A/B/C record,0,,,,,,,,resting,0.1942590779598827,prehypertrophic,0.4941177615690755,resting,6.0,0.67,no spatial resolution,no intact-tissue call to compare against
Gp1ba,GP1BA,B_primary_reproducible,KO_promotes_maturation,True,NO_SPATIAL_EVIDENCE,0,0,0,NO_SPATIAL_EVIDENCE,,False,no LEVEL_A/B/C record,0,,,,,,,,proliferative,0.2703211694224352,hypertrophic,0.0557670159625338,resting,2.0,0.5,no spatial resolution,no intact-tissue call to compare against
Ube2g2,UBE2G2,B_primary_reproducible,KO_promotes_maturation,True,NO_SPATIAL_EVIDENCE,0,0,0,NO_SPATIAL_EVIDENCE,,False,no LEVEL_A/B/C record,0,,,,,,,,proliferative,0.0398995335013516,perichondrium,0.3234478353021561,resting,7.0,0.71,no spatial resolution,no intact-tissue call to compare against
Atp23,ATP23,B_primary_reproducible,KO_promotes_maturation,True,NO_SPATIAL_EVIDENCE,0,0,0,NO_SPATIAL_EVIDENCE,,False,no LEVEL_A/B/C record,0,,,,,,,,,,,,resting,4.0,1.0,no spatial resolution,no intact-tissue call to compare against
Pou2af1,POU2AF1,B_primary_reproducible,KO_promotes_maturation,True,NO_SPATIAL_EVIDENCE,0,0,0,NO_SPATIAL_EVIDENCE,,False,no LEVEL_A/B/C record,0,,,,,,,,hypertrophic,0.4717250264891159,,,resting,7.0,0.71,no spatial resolution,no intact-tissue call to compare against
Ppp1r1c,PPP1R1C,B_primary_reproducible,KO_promotes_maturation,True,NO_SPATIAL_EVIDENCE,0,0,0,NO_SPATIAL_EVIDENCE,,False,no LEVEL_A/B/C record,0,,,,,,,,proliferative,0.2862926814693889,resting,0.279738401192902,resting,2.0,0.5,no spatial resolution,no intact-tissue call to compare against
Niban1,NIBAN1,B_primary_reproducible,KO_promotes_maturation,True,NO_SPATIAL_EVIDENCE,0,0,0,NO_SPATIAL_EVIDENCE,,False,no LEVEL_A/B/C record,0,,,,,,,,,,,,,,,no spatial resolution,no intact-tissue call to compare against
Padi3,PADI3,B_primary_reproducible,KO_promotes_maturation,True,NO_SPATIAL_EVIDENCE,0,0,0,NO_SPATIAL_EVIDENCE,,False,no LEVEL_A/B/C record,0,,,,,,,,resting,1.209740708301661,proliferative,0.5129582552054899,resting,5.0,0.6,no spatial resolution,no intact-tissue call to compare against
Senp2,SENP2,B_primary_reproducible,KO_promotes_maturation,True,NO_SPATIAL_EVIDENCE,0,0,0,NO_SPATIAL_EVIDENCE,,False,no LEVEL_A/B/C record,0,,,,,,,,hypertrophic,0.2260984427638082,prehypertrophic,0.1377398274461612,resting,6.0,0.83,no spatial resolution,no intact-tissue call to compare against
Rab40b,RAB40B,B_primary_reproducible,KO_promotes_maturation,True,NO_SPATIAL_EVIDENCE,0,0,0,NO_SPATIAL_EVIDENCE,,False,no LEVEL_A/B/C record,0,,,,,,,,proliferative,0.5094434967613797,perichondrium,0.6775226847750133,resting,7.0,0.57,no spatial resolution,no intact-tissue call to compare against
Cfhr1,CFHR1,B_primary_reproducible,KO_promotes_maturation,True,NO_SPATIAL_EVIDENCE,0,0,0,NO_SPATIAL_EVIDENCE,,False,no LEVEL_A/B/C record,0,,,,,,,,proliferative,0.8683750147133416,,,prehypertrophic,1.0,1.0,no spatial resolution,no intact-tissue call to compare against
Map2k4,MAP2K4,B_primary_reproducible,KO_promotes_maturation,True,NO_SPATIAL_EVIDENCE,0,0,0,NO_SPATIAL_EVIDENCE,,False,no LEVEL_A/B/C record,0,,,,,,,,proliferative,0.3469295007626183,perichondrium,0.3201407175413475,resting,7.0,0.71,no spatial resolution,no intact-tissue call to compare against
Urod,UROD,A_secondary_validated,KO_promotes_maturation,True,NO_SPATIAL_EVIDENCE,0,0,0,NO_SPATIAL_EVIDENCE,,False,no LEVEL_A/B/C record,0,,,,,,,,hypertrophic,0.103457045645408,perichondrium,0.4009602652738504,resting,7.0,0.57,no spatial resolution,no intact-tissue call to compare against
Crisp4,CRISP1,B_primary_reproducible,KO_promotes_maturation,True,NO_SPATIAL_EVIDENCE,0,0,0,NO_SPATIAL_EVIDENCE,,False,no LEVEL_A/B/C record,0,,,,,,,,proliferative,0.3888431478024823,prehypertrophic,0.1702260520187692,resting,1.0,1.0,no spatial resolution,no intact-tissue call to compare against
Rpl27a,,B_primary_reproducible,KO_promotes_maturation,True,NO_SPATIAL_EVIDENCE,0,0,0,NO_SPATIAL_EVIDENCE,,False,no LEVEL_A/B/C record,0,,,,,,,,proliferative,0.2263905835581798,,,resting,7.0,0.71,no spatial resolution,no intact-tissue call to compare against
Cks1b,,B_primary_reproducible,KO_promotes_maturation,True,NO_SPATIAL_EVIDENCE,0,0,0,NO_SPATIAL_EVIDENCE,,False,no LEVEL_A/B/C record,0,,,,,,,,hypertrophic,0.2066786968564411,,,resting,7.0,0.43,no spatial resolution,no intact-tissue call to compare against
Nfya,NFYA,B_primary_reproducible,KO_promotes_maturation,True,NO_SPATIAL_EVIDENCE,0,0,0,NO_SPATIAL_EVIDENCE,,False,no LEVEL_A/B/C record,0,,,,,,,,hypertrophic,0.1155653312549471,perichondrium,0.1329847785970592,resting,7.0,0.71,no spatial resolution,no intact-tissue call to compare against
Slc2a1,SLC2A1,B_primary_reproducible,KO_promotes_maturation,True,NO_SPATIAL_EVIDENCE,0,0,0,NO_SPATIAL_EVIDENCE,,False,no LEVEL_A/B/C record,0,,,,,,,,resting,0.2880063804081256,prehypertrophic,0.1801652926248316,resting,7.0,0.86,no spatial resolution,no intact-tissue call to compare against
Rps6,,B_primary_reproducible,KO_promotes_maturation,True,NO_SPATIAL_EVIDENCE,0,0,0,NO_SPATIAL_EVIDENCE,,False,no LEVEL_A/B/C record,0,,,,,,,,hypertrophic,0.0235130824848575,,,resting,7.0,0.71,no spatial resolution,no intact-tissue call to compare against
Tsr3,TSR3,B_primary_reproducible,KO_promotes_maturation,True,NO_SPATIAL_EVIDENCE,0,0,0,NO_SPATIAL_EVIDENCE,,False,no LEVEL_A/B/C record,0,,,,,,,,proliferative,0.3932304868206167,prehypertrophic,0.0922119559965661,resting,7.0,0.71,no spatial resolution,no intact-tissue call to compare against
Stat5a,STAT5A,B_primary_reproducible,KO_promotes_maturation,True,NO_SPATIAL_EVIDENCE,0,0,0,NO_SPATIAL_EVIDENCE,,False,no LEVEL_A/B/C record,0,,,,,,,,proliferative,0.0703199586733944,resting,0.2083376582226961,resting,6.0,1.0,no spatial resolution,no intact-tissue call to compare against
Zfp612,ZNF23,B_primary_reproducible,KO_promotes_maturation,True,NO_SPATIAL_EVIDENCE,0,0,0,NO_SPATIAL_EVIDENCE,,False,no LEVEL_A/B/C record,0,,,,,,,,proliferative,0.0694966549866267,prehypertrophic,0.4765214977039456,resting,7.0,0.86,no spatial resolution,no intact-tissue call to compare against
Ovca2,OVCA2,B_primary_reproducible,KO_promotes_maturation,True,NO_SPATIAL_EVIDENCE,0,0,0,NO_SPATIAL_EVIDENCE,,False,no LEVEL_A/B/C record,0,,,,,,,,hypertrophic,0.3049492087446595,,,resting,7.0,0.71,no spatial resolution,no intact-tissue call to compare against
Fam161a,FAM161A,B_primary_reproducible,KO_promotes_maturation,True,NO_SPATIAL_EVIDENCE,0,0,0,NO_SPATIAL_EVIDENCE,,False,no LEVEL_A/B/C record,0,,,,,,,,resting,0.0050081519240841,hypertrophic,0.5205067104580055,resting,7.0,0.71,no spatial resolution,no intact-tissue call to compare against
Pitpnc1,,B_primary_reproducible,KO_promotes_maturation,True,NO_SPATIAL_EVIDENCE,0,0,0,NO_SPATIAL_EVIDENCE,,False,no LEVEL_A/B/C record,0,,,,,,,,proliferative,0.498996436803937,,,resting,7.0,0.71,no spatial resolution,no intact-tissue call to compare against
C77080,,B_primary_reproducible,KO_promotes_maturation,True,NO_SPATIAL_EVIDENCE,0,0,0,NO_SPATIAL_EVIDENCE,,False,no LEVEL_A/B/C record,0,,,,,,,,resting,0.2095505035989511,,,resting,6.0,0.83,no spatial resolution,no intact-tissue call to compare against
1700011L22Rik,C4orf51,B_primary_reproducible,KO_promotes_maturation,True,NO_SPATIAL_EVIDENCE,0,0,0,NO_SPATIAL_EVIDENCE,,False,no LEVEL_A/B/C record,0,,,,,,,,proliferative,0.3949861687558353,,,resting,3.0,1.0,no spatial resolution,no intact-tissue call to compare against
Csnka2ip,,B_primary_reproducible,KO_promotes_maturation,True,NO_SPATIAL_EVIDENCE,0,0,0,NO_SPATIAL_EVIDENCE,,False,no LEVEL_A/B/C record,0,,,,,,,,,,,,resting,2.0,0.5,no spatial resolution,no intact-tissue call to compare against
Nat8f5,,B_primary_reproducible,KO_promotes_maturation,True,NO_SPATIAL_EVIDENCE,0,0,0,NO_SPATIAL_EVIDENCE,,False,no LEVEL_A/B/C record,0,,,,,,,,,,,,resting,2.0,0.5,no spatial resolution,no intact-tissue call to compare against
Olfr1414,,B_primary_reproducible,KO_promotes_maturation,True,NO_SPATIAL_EVIDENCE,0,0,0,NO_SPATIAL_EVIDENCE,,False,no LEVEL_A/B/C record,0,,,,,,,,,,,,resting,2.0,1.0,no spatial resolution,no intact-tissue call to compare against
Usf3,USF3,B_primary_reproducible,KO_promotes_maturation,True,NO_SPATIAL_EVIDENCE,0,0,0,NO_SPATIAL_EVIDENCE,,False,no LEVEL_A/B/C record,0,,,,,,,,,,,,resting,6.0,0.83,no spatial resolution,no intact-tissue call to compare against
Gm14496,,B_primary_reproducible,KO_promotes_maturation,True,NO_SPATIAL_EVIDENCE,0,0,0,NO_SPATIAL_EVIDENCE,,False,no LEVEL_A/B/C record,0,,,,,,,,,,,,resting,1.0,1.0,no spatial resolution,no intact-tissue call to compare against
Gm11564,,B_primary_reproducible,KO_promotes_maturation,True,NO_SPATIAL_EVIDENCE,0,0,0,NO_SPATIAL_EVIDENCE,,False,no LEVEL_A/B/C record,0,,,,,,,,,,,,,,,no spatial resolution,no intact-tissue call to compare against
Olfr1273-ps,,B_primary_reproducible,KO_promotes_maturation,True,NO_SPATIAL_EVIDENCE,0,0,0,NO_SPATIAL_EVIDENCE,,False,no LEVEL_A/B/C record,0,,,,,,,,,,,,,,,no spatial resolution,no intact-tissue call to compare against
Olfr322,,B_primary_reproducible,KO_promotes_maturation,True,NO_SPATIAL_EVIDENCE,0,0,0,NO_SPATIAL_EVIDENCE,,False,no LEVEL_A/B/C record,0,,,,,,,,,,,,,,,no spatial resolution,no intact-tissue call to compare against
Mbd5,MBD5,B_primary_reproducible,KO_promotes_maturation,True,NO_SPATIAL_EVIDENCE,0,0,0,NO_SPATIAL_EVIDENCE,,False,no LEVEL_A/B/C record,0,,,,,,,,hypertrophic,0.2507724198745471,perichondrium,0.17636955539745,resting,7.0,0.71,no spatial resolution,no intact-tissue call to compare against
Olfr935,,B_primary_reproducible,KO_promotes_maturation,True,NO_SPATIAL_EVIDENCE,0,0,0,NO_SPATIAL_EVIDENCE,,False,no LEVEL_A/B/C record,0,,,,,,,,,,,,,,,no spatial resolution,no intact-tissue call to compare against
Olfr1057,,B_primary_reproducible,KO_promotes_maturation,True,NO_SPATIAL_EVIDENCE,0,0,0,NO_SPATIAL_EVIDENCE,,False,no LEVEL_A/B/C record,0,,,,,,,,,,,,,,,no spatial resolution,no intact-tissue call to compare against
Rsc1a1,,B_primary_reproducible,KO_promotes_maturation,True,NO_SPATIAL_EVIDENCE,0,0,0,NO_SPATIAL_EVIDENCE,,False,no LEVEL_A/B/C record,0,,,,,,,,,,,,,,,no spatial resolution,no intact-tissue call to compare against
Crot,CROT,B_primary_reproducible,KO_promotes_maturation,True,NO_SPATIAL_EVIDENCE,0,0,0,NO_SPATIAL_EVIDENCE,,False,no LEVEL_A/B/C record,0,,,,,,,,hypertrophic,0.1374257295590855,proliferative,0.104583802071323,resting,7.0,0.71,no spatial resolution,no intact-tissue call to compare against
Btf3l4,BTF3L4,A_secondary_validated,KO_blocks_maturation,True,NO_SPATIAL_EVIDENCE,0,0,0,NO_SPATIAL_EVIDENCE,,False,no LEVEL_A/B/C record,0,,,,,,,,proliferative,0.1502224336745818,hypertrophic,1.0027004988624348,resting,7.0,0.71,no spatial resolution,no intact-tissue call to compare against
Bex1,BEX2,B_primary_reproducible,KO_promotes_maturation,True,NO_SPATIAL_EVIDENCE,0,0,0,NO_SPATIAL_EVIDENCE,,False,no LEVEL_A/B/C record,0,,,,,,,,proliferative,0.7950371218219079,prehypertrophic,0.5567793134903631,resting,6.0,0.83,no spatial resolution,no intact-tissue call to compare against
4930453N24Rik,C3orf38,B_primary_reproducible,KO_promotes_maturation,True,NO_SPATIAL_EVIDENCE,0,0,0,NO_SPATIAL_EVIDENCE,,False,no LEVEL_A/B/C record,0,,,,,,,,proliferative,0.2174514466154775,prehypertrophic,0.893563343210312,resting,7.0,0.71,no spatial resolution,no intact-tissue call to compare against
Emc3,EMC3,B_primary_reproducible,KO_promotes_maturation,True,NO_SPATIAL_EVIDENCE,0,0,0,NO_SPATIAL_EVIDENCE,,False,no LEVEL_A/B/C record,0,,,,,,,,resting,0.1915497102672745,resting,0.0086678953108965,resting,7.0,0.71,no spatial resolution,no intact-tissue call to compare against
Gcn1,GCN1,A_secondary_validated,KO_blocks_maturation,True,NO_SPATIAL_EVIDENCE,0,0,0,NO_SPATIAL_EVIDENCE,,False,no LEVEL_A/B/C record,0,,,,,,,,,,,,resting,3.0,1.0,no spatial resolution,no intact-tissue call to compare against
Vmn2r69,,B_primary_reproducible,KO_promotes_maturation,True,NO_SPATIAL_EVIDENCE,0,0,0,NO_SPATIAL_EVIDENCE,,False,no LEVEL_A/B/C record,0,,,,,,,,,,,,resting,1.0,1.0,no spatial resolution,no intact-tissue call to compare against
Zfp697,ZNF697,B_primary_reproducible,KO_promotes_maturation,True,NO_SPATIAL_EVIDENCE,0,0,0,NO_SPATIAL_EVIDENCE,,False,no LEVEL_A/B/C record,0,,,,,,,,hypertrophic,0.6397736061453747,prehypertrophic,0.1982241976271392,resting,7.0,0.71,no spatial resolution,no intact-tissue call to compare against
Ppp2ca,PPP2CA,B_primary_reproducible,KO_promotes_maturation,True,NO_SPATIAL_EVIDENCE,0,0,0,NO_SPATIAL_EVIDENCE,,False,no LEVEL_A/B/C record,0,,,,,,,,hypertrophic,0.0244388205473118,hypertrophic,0.5912559454735486,resting,7.0,0.71,no spatial resolution,no intact-tissue call to compare against
Strap,STRAP,A_secondary_validated,KO_promotes_maturation,True,NO_SPATIAL_EVIDENCE,0,0,0,NO_SPATIAL_EVIDENCE,,False,no LEVEL_A/B/C record,0,,,,,,,,hypertrophic,0.14651746322901,hypertrophic,0.1917012875860919,resting,7.0,0.71,no spatial resolution,no intact-tissue call to compare against
Zfp981,ZNF34,B_primary_reproducible,KO_promotes_maturation,True,NO_SPATIAL_EVIDENCE,0,0,0,NO_SPATIAL_EVIDENCE,,False,no LEVEL_A/B/C record,0,,,,,,,,,,hypertrophic,0.0304899419906572,resting,3.0,1.0,no spatial resolution,no intact-tissue call to compare against
Nop58,NOP58,B_primary_reproducible,KO_promotes_maturation,True,NO_SPATIAL_EVIDENCE,0,0,0,NO_SPATIAL_EVIDENCE,,False,no LEVEL_A/B/C record,0,,,,,,,,proliferative,0.3342273307823564,proliferative,0.006155343714493,resting,7.0,0.71,no spatial resolution,no intact-tissue call to compare against
Tubgcp5,TUBGCP5,B_primary_reproducible,KO_promotes_maturation,True,NO_SPATIAL_EVIDENCE,0,0,0,NO_SPATIAL_EVIDENCE,,False,no LEVEL_A/B/C record,0,,,,,,,,proliferative,0.0025782046481257,proliferative,0.7895147110755047,resting,7.0,0.71,no spatial resolution,no intact-tissue call to compare against
Pi4kb,PI4KB,B_primary_reproducible,KO_promotes_maturation,True,NO_SPATIAL_EVIDENCE,0,0,0,NO_SPATIAL_EVIDENCE,,False,no LEVEL_A/B/C record,0,,,,,,,,hypertrophic,0.1191632337288659,resting,0.2424030451496293,resting,7.0,0.71,no spatial resolution,no intact-tissue call to compare against
Cope,COPE,B_primary_reproducible,KO_promotes_maturation,True,NO_SPATIAL_EVIDENCE,0,0,0,NO_SPATIAL_EVIDENCE,,False,no LEVEL_A/B/C record,0,,,,,,,,hypertrophic,0.2488826942984801,hypertrophic,0.3149922642197662,resting,7.0,0.71,no spatial resolution,no intact-tissue call to compare against
Mcm10,MCM10,B_primary_reproducible,KO_promotes_maturation,True,NO_SPATIAL_EVIDENCE,0,0,0,NO_SPATIAL_EVIDENCE,,False,no LEVEL_A/B/C record,0,,,,,,,,proliferative,0.145739927701733,prehypertrophic,0.3743808859556932,proliferative,7.0,0.86,no spatial resolution,no intact-tissue call to compare against
Ykt6,YKT6,B_primary_reproducible,KO_promotes_maturation,True,NO_SPATIAL_EVIDENCE,0,0,0,NO_SPATIAL_EVIDENCE,,False,no LEVEL_A/B/C record,0,,,,,,,,hypertrophic,0.153611005083361,prehypertrophic,0.2654931224776753,resting,7.0,0.71,no spatial resolution,no intact-tissue call to compare against
Copb2,COPB2,B_primary_reproducible,KO_promotes_maturation,True,NO_SPATIAL_EVIDENCE,0,0,0,NO_SPATIAL_EVIDENCE,,False,no LEVEL_A/B/C record,0,,,,,,,,resting,0.0734606988962198,prehypertrophic,0.116834187422059,resting,7.0,0.71,no spatial resolution,no intact-tissue call to compare against
Tomm20,TOMM20,B_primary_reproducible,KO_promotes_maturation,True,NO_SPATIAL_EVIDENCE,0,0,0,NO_SPATIAL_EVIDENCE,,False,no LEVEL_A/B/C record,0,,,,,,,,hypertrophic,0.0297685356162844,prehypertrophic,0.0260812857480896,resting,7.0,0.71,no spatial resolution,no intact-tissue call to compare against
Nae1,NAE1,B_primary_reproducible,KO_promotes_maturation,True,NO_SPATIAL_EVIDENCE,0,0,0,NO_SPATIAL_EVIDENCE,,False,no LEVEL_A/B/C record,0,,,,,,,,proliferative,0.0918263916676664,prehypertrophic,0.2478070319366256,resting,7.0,0.71,no spatial resolution,no intact-tissue call to compare against
Tcp1,TCP1,B_primary_reproducible,KO_promotes_maturation,True,NO_SPATIAL_EVIDENCE,0,0,0,NO_SPATIAL_EVIDENCE,,False,no LEVEL_A/B/C record,0,,,,,,,,proliferative,0.2347051162836724,,,resting,7.0,0.71,no spatial resolution,no intact-tissue call to compare against
Ppa1,PPA1,B_primary_reproducible,KO_promotes_maturation,True,NO_SPATIAL_EVIDENCE,0,0,0,NO_SPATIAL_EVIDENCE,,False,no LEVEL_A/B/C record,0,,,,,,,,hypertrophic,0.4405825293833398,hypertrophic,0.5790854737819764,prehypertrophic,7.0,0.71,no spatial resolution,no intact-tissue call to compare against
Hypk,HYPK,B_primary_reproducible,KO_promotes_maturation,True,NO_SPATIAL_EVIDENCE,0,0,0,NO_SPATIAL_EVIDENCE,,False,no LEVEL_A/B/C record,0,,,,,,,,proliferative,0.0194328194216737,prehypertrophic,0.1255157781220379,resting,7.0,0.71,no spatial resolution,no intact-tissue call to compare against
H2bc21,H2BC11,B_primary_reproducible,KO_promotes_maturation,True,NO_SPATIAL_EVIDENCE,0,0,0,NO_SPATIAL_EVIDENCE,,False,no LEVEL_A/B/C record,0,,,,,,,,,,,,,,,no spatial resolution,no intact-tissue call to compare against
Prelid1,PRELID1,B_primary_reproducible,KO_promotes_maturation,True,NO_SPATIAL_EVIDENCE,0,0,0,NO_SPATIAL_EVIDENCE,,False,no LEVEL_A/B/C record,0,,,,,,,,hypertrophic,0.0404003639644781,prehypertrophic,0.3789482188638917,resting,7.0,0.71,no spatial resolution,no intact-tissue call to compare against
Lrr1,LRR1,B_primary_reproducible,KO_promotes_maturation,True,NO_SPATIAL_EVIDENCE,0,0,0,NO_SPATIAL_EVIDENCE,,False,no LEVEL_A/B/C record,0,,,,,,,,hypertrophic,0.2920528577344896,proliferative,0.0171718086252887,proliferative,6.0,0.83,no spatial resolution,no intact-tissue call to compare against
Psmd2,PSMD2,B_primary_reproducible,KO_promotes_maturation,True,NO_SPATIAL_EVIDENCE,0,0,0,NO_SPATIAL_EVIDENCE,,False,no LEVEL_A/B/C record,0,,,,,,,,hypertrophic,0.1562264700270699,prehypertrophic,0.0302366455811871,resting,7.0,0.71,no spatial resolution,no intact-tissue call to compare against
Preb,PREB,B_primary_reproducible,KO_promotes_maturation,True,NO_SPATIAL_EVIDENCE,0,0,0,NO_SPATIAL_EVIDENCE,,False,no LEVEL_A/B/C record,0,,,,,,,,resting,0.1286808407905439,prehypertrophic,0.4469712582078546,resting,7.0,0.71,no spatial resolution,no intact-tissue call to compare against
Eif3g,EIF3G,B_primary_reproducible,KO_promotes_maturation,True,NO_SPATIAL_EVIDENCE,0,0,0,NO_SPATIAL_EVIDENCE,,False,no LEVEL_A/B/C record,0,,,,,,,,proliferative,0.0040543198004669,resting,0.1299827781226206,resting,7.0,0.71,no spatial resolution,no intact-tissue call to compare against
Yju2,YJU2,B_primary_reproducible,KO_promotes_maturation,True,NO_SPATIAL_EVIDENCE,0,0,0,NO_SPATIAL_EVIDENCE,,False,no LEVEL_A/B/C record,0,,,,,,,,,,,,resting,3.0,1.0,no spatial resolution,no intact-tissue call to compare against
Gosr2,GOSR2,B_primary_reproducible,KO_promotes_maturation,True,NO_SPATIAL_EVIDENCE,0,0,0,NO_SPATIAL_EVIDENCE,,False,no LEVEL_A/B/C record,0,,,,,,,,hypertrophic,0.1051984501184861,proliferative,0.5271440355225891,resting,7.0,0.71,no spatial resolution,no intact-tissue call to compare against
Uxt,UXT,B_primary_reproducible,KO_promotes_maturation,True,NO_SPATIAL_EVIDENCE,0,0,0,NO_SPATIAL_EVIDENCE,,False,no LEVEL_A/B/C record,0,,,,,,,,hypertrophic,0.5693486675430304,hypertrophic,0.0024271751461579,resting,7.0,0.71,no spatial resolution,no intact-tissue call to compare against
Mat2a,MAT2A,B_primary_reproducible,KO_promotes_maturation,True,NO_SPATIAL_EVIDENCE,0,0,0,NO_SPATIAL_EVIDENCE,,False,no LEVEL_A/B/C record,0,,,,,,,,resting,0.2310318308741585,proliferative,0.2722435163535532,resting,7.0,0.71,no spatial resolution,no intact-tissue call to compare against
Kat8,KAT8,B_primary_reproducible,KO_promotes_maturation,True,NO_SPATIAL_EVIDENCE,0,0,0,NO_SPATIAL_EVIDENCE,,False,no LEVEL_A/B/C record,0,,,,,,,,proliferative,0.355431533458642,prehypertrophic,0.3928465715665368,resting,7.0,0.71,no spatial resolution,no intact-tissue call to compare against
Top1,TOP1,B_primary_reproducible,KO_promotes_maturation,True,NO_SPATIAL_EVIDENCE,0,0,0,NO_SPATIAL_EVIDENCE,,False,no LEVEL_A/B/C record,0,,,,,,,,proliferative,0.028667440378566,hypertrophic,0.5019025999742261,resting,7.0,0.71,no spatial resolution,no intact-tissue call to compare against
Polrmt,POLRMT,B_primary_reproducible,KO_promotes_maturation,True,NO_SPATIAL_EVIDENCE,0,0,0,NO_SPATIAL_EVIDENCE,,False,no LEVEL_A/B/C record,0,,,,,,,,hypertrophic,0.1384350890865775,resting,0.0077230481264845,resting,7.0,0.71,no spatial resolution,no intact-tissue call to compare against
Ttc27,TTC27,B_primary_reproducible,KO_promotes_maturation,True,NO_SPATIAL_EVIDENCE,0,0,0,NO_SPATIAL_EVIDENCE,,False,no LEVEL_A/B/C record,0,,,,,,,,proliferative,0.3447703165526565,perichondrium,0.217268390899747,resting,7.0,0.71,no spatial resolution,no intact-tissue call to compare against
Ss18l2,SS18L2,B_primary_reproducible,KO_promotes_maturation,True,NO_SPATIAL_EVIDENCE,0,0,0,NO_SPATIAL_EVIDENCE,,False,no LEVEL_A/B/C record,0,,,,,,,,,,prehypertrophic,0.0099107537291374,resting,4.0,1.0,no spatial resolution,no intact-tissue call to compare against
Uba1,UBA1,B_primary_reproducible,KO_promotes_maturation,True,NO_SPATIAL_EVIDENCE,0,0,0,NO_SPATIAL_EVIDENCE,,False,no LEVEL_A/B/C record,0,,,,,,,,hypertrophic,0.072360641812514,resting,0.0607774674379477,resting,6.0,0.83,no spatial resolution,no intact-tissue call to compare against
Tbcc,TBCC,B_primary_reproducible,KO_promotes_maturation,True,NO_SPATIAL_EVIDENCE,0,0,0,NO_SPATIAL_EVIDENCE,,False,no LEVEL_A/B/C record,0,,,,,,,,hypertrophic,0.0941239324065232,resting,1.3870365398643587,resting,7.0,0.71,no spatial resolution,no intact-tissue call to compare against
Efl1,EFL1,B_primary_reproducible,KO_promotes_maturation,True,NO_SPATIAL_EVIDENCE,0,0,0,NO_SPATIAL_EVIDENCE,,False,no LEVEL_A/B/C record,0,,,,,,,,,,,,resting,4.0,1.0,no spatial resolution,no intact-tissue call to compare against
Uri1,URI1,B_primary_reproducible,KO_promotes_maturation,True,NO_SPATIAL_EVIDENCE,0,0,0,NO_SPATIAL_EVIDENCE,,False,no LEVEL_A/B/C record,0,,,,,,,,resting,0.0178097370979095,hypertrophic,0.3008436602590443,resting,7.0,0.71,no spatial resolution,no intact-tissue call to compare against
Ddit4,DDIT4,sub-threshold (FDR 0.28),KO_promotes_maturation,False,NO_SPATIAL_EVIDENCE,0,0,0,SPATIAL_VALIDATION_PENDING,,False,held pending intact-tissue evidence per stages 37-40; no RNAscope or validated immunostaining of DDIT4 in growth plate was found by this stage either,0,,,,,,,,hypertrophic,1.330236041339436,hypertrophic,0.4532037555949983,resting,6.0,0.83,no spatial resolution,no intact-tissue call to compare against
